position,experimental_dTm,experimental_ddg,calculated_ddg
KA60P,0.3,,-0.692153
GA77A,-1.4,,-1.14604
AA82P,0.8,,-1.38328
AA93P,0.4,,-1.50268
GA113A,0.4,,-0.2184
KA60P,-0.1,,-0.688624
GA77A,0.9,,-1.08334
AA82P,2.1,,-1.4182
AA93P,0.2,,-1.50479
GA113A,0.8,,-0.217989
SA38D,-0.3,,-3.59285
TA115E,-1.7,,0.0460339
NA116D,-0.2,,-0.717581
RA119M,-0.9,,-1.05157
NA144D,-0.2,,-1.99973
SA38D,1.5,,-3.66272
TA115E,0.7,,0.0476404
NA116D,1.6,,-0.644875
RA119M,0.3,,-1.02896
NA144D,1.4,,-1.86753
TA115E,-1.7,,0.0499032
TA115E,-0.6,,0.0499767
TA115E,-0.3,,0.0421257
TA115E,0.1,,0.047212
TA115E,0.7,,0.0387113
QA123E,1.0,,0.131087
QA123E,0.2,,0.0700521
QA123E,1.2,,0.164516
NA144E,0.9,,-1.75579
NA144E,1.4,,-1.82524
NA144E,1.5,,-1.77003
KA60H,-3.4,,0.529308
KA60H,-0.4,,0.548411
SA90H,-4.1,,0.00613883
SA90H,-2.7,,0.0239733
SA90H,-2.9,,0.0833869
KA83H,-2.2,,1.2625
KA83H,-1.0,,1.20704
LA46A,-8.6,,3.29424
LA118A,-12.2,,2.73346
LA121A,-9.3,,3.53927
LA99A,-15.7,,3.60999
LA133A,-8.9,,3.49903
FA153A,-12.3,,4.47387
KA16E,-1.5,,0.132362
RA119E,-0.6,,-0.417775
KA135E,-0.7,,0.90894
KA147E,0.2,,-0.0949872
RA154E,0.6,,0.230188
KA16E,1.1,,0.101781
RA119E,0.1,,-0.34555
KA135E,-2.3,,0.921318
KA147E,-1.6,,-0.197526
RA154E,-2.6,,0.224493
NA40A,1.2,,-0.458964
KA43A,-2.95,,0.481692
SA44A,1.2,,-0.0414982
EA45A,1.47,,-0.313628
LA46A,-8.39,,3.29549
DA47A,-0.81,,-0.573106
KA48A,-0.93,,0.0211177
NA40A,0.88,,-0.467043
KA43A,-3.08,,0.356878
SA44A,0.98,,-0.0417754
EA45A,0.04,,-0.341761
LA46A,-6.4,,3.30582
DA47A,-2.75,,-0.572766
KA48A,-1.68,,0.0406359
RA14K,-0.08,,0.0017052
EA22K,1.37,,-0.249966
TA26S,1.35,,0.666232
NA40D,1.14,,-1.02418
AA41D,0.71,,-0.403207
RA80K,-0.43,,0.193279
AA93T,0.13,,0.274779
GA113E,0.79,,-0.0473487
RA119H,-0.74,,0.159418
TA151S,0.93,,-0.109758
FA153L,0.88,,1.42069
NA163D,-0.5,,-0.139103
RA14K,-0.53,,0.00946176
EA22K,1.58,,-0.305102
TA26S,1.35,,0.78412
NA40D,1.28,,-0.961813
AA41D,1.1,,-0.777031
RA80K,-0.34,,0.171514
AA93T,0.16,,0.274783
GA113E,1.03,,-0.0465332
RA119H,-0.83,,0.115985
TA151S,0.97,,-0.0991662
FA153L,0.51,,1.55703
NA163D,-0.49,,-0.13764
IA78M,-3.7,,-0.174885
LA84M,-4.9,,0.139294
LA91M,-2.0,,0.0322432
LA99M,-1.3,,-0.145307
IA100M,-4.5,,0.654489
VA103M,-3.1,,0.880427
LA118M,-1.8,,-0.67475
LA121M,-2.1,,-0.323325
LA133M,-1.0,,-0.401532
FA153M,-1.6,,1.19391
LA121A,-6.1,,3.54438
AA129L,-3.2,,0.953565
AA129M,-5.2,,0.0550164
FA153A,-9.3,,4.47387
TA115A,-0.43,,0.712953
NA116A,0.49,,-0.705508
SA117A,3.64,,-0.692583
LA118A,-12.05,,2.74639
RA119A,-0.53,,-0.448002
MA120A,-0.58,,1.44365
LA121A,-9.15,,3.53959
QA122A,-0.71,,0.147262
QA123A,-0.64,,0.0817608
QA105A,-3.5,,0.308708
QA105E,-2.1,,0.524328
QA105G,-7.2,,1.44764
QA105A,-1.6,,0.362232
QA105E,-3.0,,0.694561
QA105G,-3.9,,1.47574
SA117F,4.8,,4.31447
SA117F,2.8,,3.86935
AA41S,-1.77,,0.784685
AA42S,-7.49,,0.660208
AA49S,-1.53,,0.431048
AA73S,-1.27,,0.020285
AA82S,-0.99,,0.331956
AA93S,-0.52,,0.349737
AA98S,-7.47,,1.08928
AA130S,-2.89,,0.64626
AA134S,-0.44,,0.0770307
VA75T,-3.7,,0.0993776
VA87T,-4.55,,1.20332
VA149T,-10.08,,2.01762
QA69P,-12.9,,1.93031
DA72P,-10.2,,1.85373
QA69P,-7.6,,2.05939
DA72P,-6.9,,1.91609
AA74P,-12.4,,4.69211
AA74P,-18.2,,4.73923
AA74P,-15.3,,4.65817
AA74P,-12.4,,4.72719
MA102L,-2.54,,0.704384
VA111F,-4.77,,3.30943
VA111I,-2.32,,0.735836
MA102L,-2.31,,0.810998
VA111F,-4.63,,3.00364
VA111I,-2.6,,0.755851
EA128K,5.3,,-0.200402
RA96H,-13.6,,7.90071
MA102V,-12.7,,3.058
AA146T,-9.4,,3.71342
WA138Y,-6.3,,2.69368
WA138Y,-3.0,,2.6808
EA128K,-5.0,,-0.301595
RA96H,-14.0,,8.46857
MA102V,-13.0,,3.07347
AA146T,-9.0,,3.57455
GA77A,-1.4,,-1.16389
AA82P,0.8,,-1.3606
GA77A,0.94,,-1.12248
AA82P,2.1,,-1.39049
EA128A,0.6,,0.321619
VA131A,1.0,,-0.584935
LA133A,-17.0,,3.50326
MA102K,-35.0,,3.51966
LA133D,-14.9,,5.09156
LA133D,-15.0,,5.06511
MA102K,-20.3,,3.52828
LA133D,-17.9,,5.07595
MA102K,-10.1,,3.51253
LA133D,-19.0,,5.08074
TA26Q,-0.9,,1.27238
RA96H,-14.0,,7.65632
AA98V,-13.0,,3.74274
MA102T,-13.0,,2.84023
AA146T,-9.0,,3.54058
GA156D,-5.0,,8.65877
TA157I,-11.0,,1.1378
TA157N,-1.7,,0.189993
TA157S,-2.5,,0.0691016
TA157D,-4.2,,0.858905
TA157G,-4.2,,1.70156
TA157C,-4.9,,0.852452
TA157L,-5.0,,1.34574
TA157R,-5.1,,-0.288923
TA157A,-5.4,,1.49244
TA157E,-5.8,,0.898257
TA157V,-6.0,,1.01424
TA157H,-7.9,,0.358877
TA157F,-9.2,,0.849804
TA157I,-11.0,,1.22966
TA157I,-5.8,,1.38712
TA157I,-3.0,,1.16833
NA55G,-1.7,,-1.26388
NA55G,-1.6,,-1.26136
KA124G,-0.2,,0.217675
LA133F,-0.7,,-0.981851
AA129V,-2.9,,-1.23892
LA133F,-0.8,,-0.985645
AA129V,-1.9,,-1.24041
IA3W,-16.4,,3.66263
IA3Y,-9.5,,2.94897
IA3F,-4.0,,4.22362
IA3L,3.0,,0.414502
IA3V,-2.1,,1.19884
IA3M,-0.9,,1.01791
IA3A,-3.8,,2.81595
IA3T,-6.1,,2.60774
IA3S,-7.0,,4.0261
IA3G,-7.2,,4.34672
IA3E,-4.1,,1.42488
IA3D,-6.5,,2.80018
IA3W,-8.0,,3.7605
IA3Y,-5.9,,3.09698
IA3F,-3.0,,3.92126
IA3L,0.9,,0.558599
IA3V,-1.2,,1.18996
IA3M,-2.3,,1.03676
IA3A,-1.8,,2.81806
IA3T,-6.0,,2.61552
IA3S,-4.6,,4.00102
IA3G,-5.8,,4.36694
IA3E,-5.7,,1.42703
IA3D,-8.5,,2.74014
CA54V,-2.0,,1.58196
CA54T,1.0,,-0.688415
RA96H,-7.0,,7.76368
AA146T,-6.0,,3.53351
GA156D,-5.1,,8.24024
GA156D,-6.1,,8.26455
PA86A,-2.0,,2.23103
PA86R,-2.0,,1.94158
PA86C,-1.0,,2.4773
PA86G,-2.0,,2.71647
PA86H,-2.0,,2.90829
PA86I,-2.0,,2.25643
PA86L,-2.0,,2.20908
PA86S,-1.0,,2.41608
PA86T,-1.0,,2.11151
PA86R,-1.0,,1.94821
PA86G,-1.0,,2.71886
PA86R,-3.0,,2.02208
PA86D,-1.0,,2.12293
PA86H,-4.0,,2.93071
IA3E,-5.69,,1.41842
IA3F,-4.68,,3.95929
IA3L,2.66,,0.476501
IA3P,-11.99,,1.37764
IA3T,-8.48,,2.58726
IA3E,-4.68,,1.42555
IA3F,-3.0,,3.98863
IA3L,2.75,,0.486385
IA3P,-9.2,,1.37161
IA3T,-6.4,,2.57017
IA3E,-3.66,,1.42008
IA3F,-1.31,,4.21401
IA3L,2.84,,0.456121
IA3P,-6.41,,1.36995
IA3T,-4.32,,2.56943
SA38D,0.46,,-3.66909
AA82P,1.08,,-1.414
NA144D,0.94,,-1.92232
IA3L,2.11,,0.451627
VA131A,0.72,,-0.585101
AA41V,1.1,,0.0507425
NA116D,0.9,,-0.826764
SA38D,1.36,,-3.53964
AA82P,1.34,,-1.37314
NA144D,0.99,,-1.90434
IA3L,1.69,,0.556921
VA131A,0.87,,-0.579372
AA41V,0.7,,0.0514251
NA116D,1.36,,-0.946799
EA11F,4.3,,-2.61835
EA11M,4.1,,-2.45137
EA11A,2.6,,-0.887894
GA30A,0.1,,3.46461
GA30F,-4.9,,4.38561
SA117V,5.1,,-0.764954
SA117I,4.2,,-2.28594
SA117F,2.8,,3.74223
NA132M,3.6,,-0.842882
NA132F,3.3,,-0.369561
NA132I,3.0,,-0.129382
EA11H,0.1,,-1.20643
EA11N,-0.6,,-1.37701
DA20N,3.1,,1.25153
DA20T,2.2,,0.0495361
DA20S,1.6,,-0.685203
DA20A,-0.8,,-1.01024
SA44A,1.21,,-0.0407341
SA44L,1.09,,-0.170915
SA44M,0.92,,-0.186811
SA44I,0.91,,-0.127692
SA44Q,0.75,,-0.329948
SA44R,0.68,,-0.507692
SA44K,0.57,,-0.19511
SA44Y,0.54,,-0.0380439
SA44V,0.29,,0.466217
SA44F,0.18,,-0.165899
SA44W,0.15,,-0.0111023
SA44H,0.12,,0.276304
SA44T,0.03,,0.384218
SA44D,-0.32,,0.609326
SA44C,-0.35,,0.418228
SA44N,-0.4,,-0.0200036
SA44G,-1.55,,0.634802
SA44P,-10.32,,4.32906
VA131A,0.66,,-0.585094
VA131L,0.23,,-0.718843
VA131M,0.32,,-0.587647
VA131I,0.41,,-0.738566
VA131T,-0.33,,-0.686171
VA131E,0.52,,-0.625445
VA131S,-0.12,,-0.392708
VA131D,0.22,,-0.19229
VA131G,-1.8,,-0.0111594
TA26S,1.35,,0.73266
AA93T,0.13,,0.274776
TA151S,0.93,,-0.0754964
LA99A,-15.7,,3.6223
LA99V,-6.6,,2.53131
LA99I,-4.0,,1.40547
LA99M,-2.0,,-0.172536
LA99F,-1.1,,-0.277968
FA153A,-12.3,,4.47387
FA153V,-6.1,,3.44602
FA153I,-1.5,,2.35502
FA153L,0.6,,1.38264
FA153M,-2.4,,1.16724
LA99A,-11.4,,3.61982
LA99V,-5.2,,2.57437
LA99I,-3.7,,1.43788
LA99M,-1.5,,-0.152
LA99F,-0.7,,0.0196929
FA153A,-9.3,,4.47387
FA153V,-4.5,,3.35857
FA153I,-0.5,,2.38039
FA153L,0.8,,1.49126
FA153M,-1.6,,1.19097
TA59N,-2.1,,-0.583214
TA59S,-2.6,,-0.643791
TA59D,-3.1,,-2.32501
TA59G,-7.7,,-0.126443
TA59V,-10.0,,1.31183
TA59A,-10.1,,0.732448
TA59N,-2.8,,-0.571414
TA59S,-0.4,,-0.644108
TA59D,-3.1,,-2.45679
TA59G,-4.1,,-0.134587
TA59V,-4.0,,1.36792
TA59A,-4.0,,0.734457
AA98V,-14.8,,3.7041
TA152S,-6.6,,1.20298
VA149C,-5.1,,1.8873
VA131A,0.56,,-0.587103
VA131T,-0.41,,-0.693546
AA41V,1.6,,0.0547303
VA131A,0.9,,-0.59763
VA131T,-0.1,,-0.69452
AA41V,1.33,,0.0512571
SA38N,-0.3,,-1.16778
DA92N,-0.3,,5.49301
TA109D,-0.8,,-1.26129
TA109N,-0.1,,0.142382
NA144H,-2.3,,0.108953
SA38N,-0.1,,-1.35643
DA92N,-3.7,,5.4775
TA109D,1.5,,-1.25517
TA109N,0.3,,0.0974763
NA144H,0.7,,0.0671783
LA39A,-2.5,,1.04076
NA40A,0.9,,-0.448157
AA42K,-11.0,,11.1136
KA43A,-3.1,,0.404507
LA46A,-6.3,,3.29802
AA82P,0.8,,-1.40782
PA37A,-0.8,,0.545489
PA86A,-1.3,,2.21948
LA39P,-5.5,,-0.683224
PA143A,-5.0,,1.64411
IA3V,-2.1,,1.18685
IA3F,-4.0,,3.6304
IA3A,-3.8,,2.82034
IA3G,-7.2,,4.33824
MA6I,-3.4,,3.69528
CA54T,3.5,,-0.880924
RA96H,-7.8,,8.01877
AA160T,-5.5,,2.17509
IA17A,-8.4,,1.78921
IA27A,-10.1,,3.07244
IA29A,-8.2,,2.17301
IA50A,-5.8,,2.62224
IA58A,-10.4,,3.96081
IA78A,-4.7,,3.45459
IA100A,-10.7,,2.8586
VA71A,-4.7,,2.26309
VA87A,-4.9,,1.81064
VA94A,-5.0,,0.46532
VA103A,-6.6,,2.07518
VA111A,-3.7,,2.34271
VA149A,-11.0,,2.0925
MA6A,-5.7,,2.73305
MA106A,-7.1,,2.72964
FA67A,-5.7,,4.39588
FA104A,-9.7,,2.95882
LA7A,-8.1,,3.50193
LA33A,-12.3,,3.93837
LA66A,-13.4,,2.35961
LA84A,-13.4,,4.25643
LA91A,-9.7,,3.38204
MA6L,-10.6,,2.36571
MA106L,1.7,,0.745595
MA120L,1.7,,-0.485265
MA106K,-10.5,,1.593
MA120K,-4.8,,0.963802
HA31N,-11.0,,0.419218
RA96H,-15.6,,8.23974
RA96H,-13.5,,8.18087
RA96H,-13.3,,8.26651
RA96H,-12.8,,7.73093
RA96H,11.6,,8.15602
RA96H,-11.2,,7.69179
RA96H,-10.5,,7.91183
EA128A,0.6,,0.159512
VA131A,1.0,,-0.581704
MA6I,,4.78,3.88269
YA25G,,4.55,3.28028
SA38D,,1.2,-3.5397
GA51D,,2.63,4.75522
CA54Y,,5.02,10.0546
IA58Y,,3.11,16.1219
GA77A,,1.2,-1.1286
AA82P,,0.72,-1.39805
PA86G,,1.91,2.71205
LA91P,,8.13,6.97793
AA98T,,3.83,3.73678
AA98V,,5.02,3.99014
VA103A,,1.91,2.07968
QA105G,,3.11,1.36835
WA126R,,5.74,1.84718
WA138Y,,2.87,2.73371
AA146I,,4.31,3.8429
AA146T,,2.87,3.55282
AA146V,,4.31,2.9963
VA149A,,2.87,2.04643
FA153C,,3.11,4.56844
GA156D,,4.07,8.21736
TA157D,,2.39,0.874898
TA157F,,4.07,0.677005
AA160T,,4.55,2.3634
SA44A,-1.6,,-0.0381391
NA68A,-0.2,,0.0441585
AA146C,-4.1,,4.46921
TA142C,-0.5,,0.108294
DA159C,0.7,,0.908272
NA55C,-3.6,,0.386551
RA96C,-8.7,,1.47737
LA79C,-5.1,,1.37705
RA119C,-3.0,,0.48459
KA135C,-2.6,,0.261621
AA42V,-7.5,,3.36393
AA42L,-10.1,,5.22168
AA42I,-8.9,,6.39795
AA42F,-11.2,,15.9615
AA98C,-2.6,,2.74205
AA98V,-9.2,,3.7288
AA98L,-13.9,,8.33409
AA98I,-16.1,,6.99176
AA98M,-9.3,,8.10212
AA98F,-20.4,,18.9773
AA98W,-19.3,,25.8532
AA129L,-2.9,,0.788359
AA129M,-5.5,,0.83229
AA129F,-2.3,,9.26632
AA129W,-5.1,,18.9699
EA108V,4.3,,0.221358
LA99A,-15.6,,3.60615
LA99G,-29.2,,5.14933
EA108V,2.4,,0.246069
LA99A,-11.5,,3.60595
LA99G,-20.3,,5.12637
LA91P,,10.98,7.05757
LA66P,,12.23,4.57812
LA91P,-34.3,,7.08716
LA66P,-38.2,,4.61238
SA44A,-15.7,,-0.0563938
SA44A,-14.3,,-0.0458591
SA44A,-13.7,,-0.0346937
AA42K,-15.3,,10.9584
AA42K,-14.5,,12.4785
AA42K,-14.2,,11.5662
AA42K,-13.2,,12.3407
KA48A,-12.5,,0.0222655
KA48A,-12.2,,0.0114034
KA135E,,1.0,0.919829
KA147E,,0.7,-0.0711739
IA58T,-10.1,,3.07452
NA101A,-3.7,,0.554889
QA105M,-2.7,,-0.83578
VA149A,-8.9,,2.08795
VA149S,-13.2,,3.75464
VA149C,-5.5,,1.892
VA149T,-8.3,,2.01628
VA149I,-0.05,,-0.521768
VA149G,-15.3,,3.84306
TA152A,-4.0,,0.111053
TA152S,-5.5,,1.19923
TA152C,-1.4,,0.134984
TA152V,0.8,,-1.5158
TA152I,-1.0,,-1.57948
IA58T,,3.4,3.0987
NA101A,,1.5,0.551602
QA105M,,1.2,-0.947446
VA149A,,3.1,2.08645
VA149S,,4.4,3.76911
VA149C,,2.0,1.89083
VA149T,,3.0,2.01187
VA149I,,0.1,-0.611252
VA149G,,4.9,3.8402
TA152A,,1.5,0.115243
TA152S,,2.0,1.20184
TA152C,,0.5,0.188899
TA152V,,-0.2,-1.51247
TA152I,,0.4,-1.59351
EA128K,,1.16,-0.37346
AA146T,,2.29,3.51284
KA60P,,-0.1,-0.711929
GA77A,,0.4,-1.15588
AA82P,,-0.3,-1.39663
AA93P,,-0.1,-1.49886
GA113A,,-0.1,-0.218767
GA77A,,0.4,-1.15378
AA82P,,-0.8,-1.40339
AA93P,,-0.1,-1.49881
GA113A,,-0.3,-0.218167
SA38D,,0.1,-3.55457
TA115E,,0.5,0.0328705
NA116D,,0.1,-0.73554
RA119M,,0.3,-1.06164
NA144D,,0.1,-2.00575
SA38D,,-0.6,-3.5418
TA115E,,-0.3,0.0296951
NA116D,,-0.6,-0.894645
RA119M,,-0.1,-0.993711
NA144D,,-0.5,-1.94734
TA115E,,0.5,0.0450231
TA115E,,0.2,0.0499616
TA115E,,0.1,0.0458254
TA115E,,-0.3,0.0497108
QA123E,,-0.3,-0.117601
QA123E,,-0.1,0.173106
QA123E,,-0.4,0.14058
NA144E,,-0.2,-1.82591
NA144E,,-0.5,-1.87876
NA144E,,-0.5,-1.83033
KA60H,,0.8,0.552886
KA60H,,0.1,0.539354
SA90H,,1.0,-0.0387841
SA90H,,1.1,-0.0103202
SA90H,,1.1,0.026732
KA83H,,0.5,1.447
KA83H,,0.4,1.15874
LA46A,,2.7,3.30006
LA118A,,3.5,2.74084
LA121A,,2.7,3.54245
LA99A,,5.0,3.62232
LA133A,,4.3,3.50976
FA153A,,3.5,4.47387
KA16E,,0.5,0.0914572
RA119E,,0.2,-0.323523
KA135E,,0.2,0.917892
KA147E,,-0.1,0.032335
RA154E,,-0.2,0.164222
KA16E,,0.5,0.128416
RA119E,,0.04,-0.421274
KA135E,,1.0,0.90714
KA147E,,0.7,-0.00354225
RA154E,,1.1,0.140381
NA40A,,-0.43,-0.462935
KA43A,,0.96,0.447555
SA44A,,0.44,-0.0492943
EA45A,,-0.55,-0.319407
LA46A,,2.62,3.29866
DA47A,,0.28,-0.606073
KA48A,,0.32,0.00305841
NA40A,,-0.32,-0.479887
KA43A,,1.03,0.336776
SA44A,,-0.34,-0.051659
EA45A,,-0.01,-0.352071
LA46A,,1.86,3.30383
DA47A,,0.95,-0.621034
KA48A,,0.56,-0.00269949
RA14K,,0.03,0.00143133
EA22K,,-0.57,-0.179079
TA26S,,-0.57,0.830897
NA40D,,-0.44,-1.02101
AA41D,,-0.29,-0.452742
RA80K,,0.17,0.14067
AA93T,,-0.06,0.2748
GA113E,,-0.3,-0.0499815
RA119H,,0.29,0.00936605
TA151S,,-0.39,-0.0904636
FA153L,,-0.35,1.40695
NA163D,,0.21,-0.1407
IA78M,,1.5,-0.0877156
LA84M,,1.9,0.108731
LA91M,,0.8,0.0554139
LA99M,,0.4,-0.148429
IA100M,,1.6,0.55542
VA103M,,1.2,0.802964
LA118M,,0.7,-0.692017
LA121M,,0.8,-0.300963
LA133M,,0.4,-0.39548
FA153M,,0.6,1.2249
LA121A,,2.3,3.54303
AA129L,,1.3,1.1233
AA129M,,1.9,0.806438
FA153A,,3.4,4.47387
TA115A,,0.14,0.727715
NA116A,,-0.17,-0.626733
SA117A,,-1.27,-0.69099
LA118A,,3.5,2.71134
RA119A,,0.18,-0.34612
MA120A,,0.2,1.43809
LA121A,,2.7,3.54211
QA122A,,0.24,0.159596
QA123A,,0.22,-0.168917
QA105A,,0.9,0.349083
QA105E,,0.5,0.646314
QA105G,,1.7,1.42832
QA105A,,0.6,0.285085
QA105E,,1.1,0.394013
QA105G,,1.5,1.4321
SA117F,,-1.4,3.68546
SA117F,,-1.1,3.53603
AA41S,,0.6,0.78596
AA42S,,2.3,0.659947
AA49S,,0.5,0.432586
AA73S,,0.4,0.0212836
AA82S,,0.3,0.340189
AA93S,,0.2,0.350909
AA98S,,2.5,1.04341
AA130S,,1.0,0.680841
AA134S,,0.1,0.0780161
VA75T,,1.3,0.122319
VA87T,,1.6,1.2129
VA149T,,2.8,2.01442
QA69P,,3.3,1.96913
DA72P,,2.6,2.08868
QA69P,,2.9,1.95698
DA72P,,2.7,1.96391
AA74P,,4.6,4.71001
AA74P,,5.7,4.69653
AA74P,,5.0,4.72291
AA74P,,4.5,4.70502
MA102L,,0.74,0.802272
VA111F,,1.43,4.34674
VA111I,,0.69,0.710476
MA102L,,0.82,0.887588
VA111F,,1.69,3.2776
VA111I,,0.85,0.723029
RA96H,-13.6,3.3,7.6265
MA102V,-12.7,3.0,3.0428
WA138Y,-6.3,1.71,2.71934
GA77A,,0.4,-1.1034
AA82P,,-0.3,-1.40309
GA77A,,0.4,-1.08601
AA82P,,-0.8,-1.42622
EA128A,,-0.16,0.272296
VA131A,,-0.27,-0.606234
LA133A,,4.19,3.49815
MA102K,,8.9,3.44938
LA133D,,4.9,5.06535
LA133D,,5.5,5.07274
MA102K,,6.9,3.56041
LA133D,,5.7,5.08051
MA102K,,2.2,3.58491
TA157N,,0.45,0.316699
TA157S,,0.66,0.098611
TA157D,,1.1,0.904762
TA157G,,1.1,1.76049
TA157C,,1.3,0.843026
TA157L,,1.3,1.43445
TA157R,,1.3,-0.285926
TA157A,,1.4,1.46761
TA157E,,1.5,1.03813
TA157V,,1.6,0.720908
TA157H,,2.1,0.478931
TA157F,,2.4,0.807878
TA157I,,2.9,1.16248
TA157I,,2.1,1.2145
TA157I,,1.2,1.2406
NA55G,,0.5,-1.28223
NA55G,,0.6,-1.24162
KA124G,,0.1,0.217497
LA133F,,0.2,-0.981775
AA129V,,0.8,-1.24451
LA133F,,0.3,-0.984798
AA129V,,0.7,-1.24659
IA3Y,,2.7,2.89605
IA3F,,1.0,3.93384
IA3L,,-0.9,0.479503
IA3V,,0.6,1.18952
IA3M,,0.3,1.03881
IA3A,,1.1,2.79201
IA3T,,1.7,2.6346
IA3S,,1.9,4.04744
IA3G,,1.8,4.33067
IA3E,,1.1,1.39257
IA3D,,1.8,2.74906
IA3W,,2.8,3.95527
IA3Y,,2.3,3.27315
IA3F,,1.1,4.10807
IA3L,,-0.4,0.353234
IA3V,,0.4,1.19489
IA3M,,0.9,0.993837
IA3A,,0.7,2.81455
IA3T,,2.3,2.64678
IA3S,,1.7,4.02574
IA3G,,2.1,4.34216
IA3E,,2.0,1.38851
IA3D,,3.2,2.7317
CA54V,,0.7,1.11144
CA54T,,-0.3,-1.21108
RA96H,,2.8,8.28636
AA146T,,1.5,3.45739
GA156D,,1.4,8.54887
GA156D,,2.3,8.36224
TA157A,,1.1,1.42905
TA157E,,1.5,0.952822
TA157I,,2.1,1.29853
TA157L,,1.7,1.34215
TA157N,,1.0,0.107469
TA157R,,1.1,-0.281857
TA157V,,1.7,0.691037
TA157A,,0.9,1.29992
TA157E,,1.3,0.951462
TA157I,,1.9,1.36848
TA157L,,1.7,1.3988
TA157N,,1.1,0.315453
TA157R,,0.6,-0.150536
TA157V,,1.6,0.801439
TA157A,,0.5,1.54818
TA157E,,0.8,0.944497
TA157I,,1.5,1.24744
TA157L,,1.7,1.31613
TA157N,,1.2,0.431861
TA157R,,-0.3,-0.303989
TA157V,,1.2,0.890402
IA3E,,1.77,1.39309
IA3F,,1.49,4.20984
IA3L,,-0.85,0.459087
IA3P,,2.96,1.36187
IA3T,,2.45,2.6451
IA3E,,1.71,1.41017
IA3F,,1.09,4.33254
IA3L,,-1.01,0.485882
IA3P,,2.97,1.35188
IA3T,,2.28,2.61131
IA3E,,1.53,1.3992
IA3F,,0.53,4.56863
IA3L,,-1.16,0.447564
IA3P,,2.53,1.35914
IA3T,,1.81,2.63578
AA82P,,0.07,-1.38481
AA93P,,-0.03,-1.50656
GA113A,,-0.5,-0.218097
AA82P,,-0.51,-1.40346
AA93P,,-0.51,-1.50362
GA113A,,-0.54,-0.217793
AA82P,,-1.27,-1.41485
AA93P,,-1.1,-1.50464
GA113A,,-0.54,-0.218079
SA38D,,-0.22,-3.54685
AA82P,,-0.45,-1.41241
NA144D,,-0.4,-1.9098
IA3L,,-0.83,0.354568
VA131A,,-0.33,-0.570227
AA41V,,-0.41,0.0519253
NA116D,,-0.34,-0.949339
SA38D,,-0.6,-3.59339
AA82P,,-0.57,-1.3873
NA144D,,-0.41,-1.90388
IA3L,,-0.7,0.419369
VA131A,,-0.39,-0.597005
AA41V,,-0.3,0.0516732
NA116D,,-0.6,-0.843105
EA11F,,-1.7,-2.97765
EA11M,,-1.6,-2.4257
EA11A,,-1.1,-0.87297
GA30A,,-0.1,3.47547
GA30F,,1.5,4.6126
SA117V,,-2.0,-0.904032
SA117I,,-1.7,-2.21889
SA117F,,-1.1,3.78581
NA132M,,-1.5,-0.848188
NA132F,,-1.3,-0.382965
NA132I,,-1.2,-0.0826962
EA11H,,-0.1,-1.29476
EA11N,,0.1,-1.37807
DA20N,,-1.3,1.40988
DA20T,,-0.9,0.0502171
DA20S,,-0.7,-0.927835
DA20A,,0.3,-0.856953
SA44A,,-0.43,-0.0355587
SA44L,,-0.39,-0.133953
SA44M,,-0.33,-0.141718
SA44I,,-0.31,-0.13816
SA44Q,,-0.27,-0.375321
SA44R,,-0.24,-0.504205
SA44K,,-0.2,-0.217763
SA44Y,,-0.19,-0.0459299
SA44V,,-0.1,0.483261
SA44F,,-0.06,-0.177261
SA44W,,-0.05,-0.0364797
SA44H,,-0.04,0.275408
SA44T,,-0.01,0.38675
SA44D,,0.11,0.610091
SA44C,,0.11,0.43426
SA44N,,0.14,-0.00867575
SA44G,,0.53,0.635199
SA44P,,3.03,3.87435
VA131A,,-0.26,-0.584801
VA131L,,-0.09,-0.726186
VA131M,,-0.12,-0.630557
VA131I,,-0.16,-0.729896
VA131T,,0.12,-0.68047
VA131E,,-0.2,-0.590891
VA131S,,0.05,-0.409722
VA131D,,-0.08,-0.185063
VA131G,,0.68,0.0119414
LA99A,,5.0,3.61679
LA99V,,2.3,2.58201
LA99I,,1.4,1.41017
LA99M,,0.7,-0.158508
LA99F,,0.4,-0.123123
FA153A,,3.5,4.47387
FA153V,,1.8,3.55265
FA153I,,0.5,2.42727
FA153L,,-0.2,1.42873
FA153M,,0.8,1.20186
LA99A,,4.5,3.61709
LA99V,,2.0,2.54407
LA99I,,1.5,1.39817
LA99M,,0.6,-0.15511
LA99F,,0.3,-0.11788
FA153A,,3.8,4.47387
FA153V,,1.8,3.36459
FA153I,,0.2,2.37124
FA153L,,-0.3,1.48184
FA153M,,0.6,1.19412
TA59N,,0.6,-0.582266
TA59S,,0.7,-0.642215
TA59D,,0.9,-2.2377
TA59G,,2.2,-0.144746
TA59V,,2.8,1.31919
TA59A,,2.8,0.729826
TA59N,,1.1,-0.608349
TA59S,,0.2,-0.644537
TA59D,,1.2,-2.27095
TA59G,,1.6,-0.149652
TA59V,,1.5,1.3134
TA59A,,1.5,0.730815
AA98V,,4.9,3.97352
TA152S,,2.6,1.21002
VA149C,,2.2,1.88998
VA131A,,-0.15,-0.577854
VA131T,,0.11,-0.683627
AA41V,,-0.42,0.0534116
VA131A,,-0.3,-0.596542
VA131T,,0.05,-0.68103
AA41V,,-0.45,0.0496102
SA38N,,0.1,-1.14483
DA92N,,0.1,5.54047
TA109D,,0.3,-1.25714
NA144H,,0.6,0.0318367
DA92N,,1.4,5.48255
TA109D,,-0.6,-1.25427
TA109N,,-0.1,0.144351
NA144H,,-0.3,0.0582392
LA39A,,0.9,1.09679
NA40A,,-0.2,-0.454103
AA42K,,3.7,11.9451
KA43A,,1.1,0.389857
LA46A,,2.1,3.30718
MA6I,,1.38,3.87488
CA54T,,-1.36,-0.47589
RA96H,,2.82,8.32447
AA160T,,1.65,2.06518
IA17A,,2.7,1.93646
IA27A,,3.1,3.06624
IA29A,,2.6,2.22816
IA50A,,2.0,2.6354
IA58A,,3.2,3.9184
IA78A,,1.6,3.4555
IA100A,,3.4,2.92198
VA71A,,1.5,2.3485
VA87A,,1.7,1.81138
VA94A,,1.8,0.479968
VA103A,,2.2,2.07613
VA111A,,1.3,2.4636
VA149A,,3.2,2.09149
MA6A,,1.9,2.8524
MA106A,,2.3,2.74483
FA67A,,1.9,4.4367
FA104A,,3.1,2.95631
LA7A,,2.6,3.5997
LA33A,,3.6,3.93728
LA66A,,3.9,2.35753
LA84A,,3.9,4.26714
LA91A,,3.1,3.43395
MA6L,,2.8,2.10426
MA106L,,-0.5,0.791866
MA120L,,-0.5,-0.430193
MA106K,,3.4,1.55401
MA120K,,1.6,0.919142
HA31N,,4.0,0.293992
EA128A,,-0.16,0.354261
VA131A,,-0.26,-0.60053
SA44A,,0.44,-0.037938
NA68A,,0.05,0.00555981
EA108V,,-1.2,0.247141
LA99A,,4.6,3.61978
LA99G,,7.4,5.14651
EA108V,,-0.7,0.215487
LA99A,,4.0,3.61663
LA99G,,6.3,5.15897
HA31D,-6.2,,2.56828
HA31D,-6.2,,2.55759
HA31D,-6.2,,2.58085
HA31D,-6.2,,2.59138
HA31D,-6.2,,2.51229
HA31D,-6.2,,2.54472
HA31D,-6.2,,2.51707
HA31D,-6.2,,2.56236
HA31D,-6.2,,2.55692
HA31D,,1.6,2.57416
HA31D,,1.6,2.55606
HA31D,,1.6,2.55987
HA31D,,1.6,2.5748
HA31D,,1.6,2.55153
HA31D,,1.6,2.54294
HA31D,,1.6,2.59529
HA31D,,1.6,2.5554
HA31D,,1.6,2.58849
IA78V,-2.1,,1.46582
LA118I,-3.1,,1.39248
VA87I,-0.8,,-0.299339
IA100V,-1.1,,0.920258
MA102L,-2.3,,0.802071
VA103I,-1.5,,-0.617451
MA106I,0.6,,1.71652
VA111A,-2.9,,2.44583
MA120Y,-0.1,,0.407471
LA133F,-0.7,,-0.985497
VA149I,-0.3,,-0.537468
IA78V,,0.8,1.48332
LA118I,,1.2,1.34072
VA87I,,0.3,-0.29356
IA100V,,0.4,0.907118
MA102L,,1.0,0.885499
VA103I,,0.5,-0.623216
MA106I,,-0.2,1.67695
VA111A,,1.1,2.43818
MA120Y,,0.1,0.346609
LA133F,,0.3,-0.990578
EA108V,3.6,,0.229062
GA28A,-5.1,,3.27258
EA108V,,-1.4,0.209664
GA28A,,2.0,3.27271
SA38A,-1.95,,0.555755
SA38A,,0.77,0.568388
MA6A,-4.5,,2.79262
LA7A,-6.3,,3.55115
IA17A,-6.4,,1.95596
LA33A,-8.8,,3.96041
IA50A,-4.2,,2.62914
LA66A,-10.1,,2.37128
IA78A,-3.5,,3.43861
LA84A,-10.5,,4.26427
VA87A,-4.3,,1.80729
LA91A,-7.4,,3.42078
LA99A,-11.7,,3.61829
MA102A,-8.2,,4.14944
IA100A,-7.1,,2.96476
VA103A,-4.4,,2.09107
FA104A,-7.5,,2.96083
MA106A,-5.2,,2.66657
VA111A,-2.9,,2.41945
LA118A,-0.9,,2.74378
LA121A,-6.2,,3.5413
VA149A,-9.0,,2.09062
FA153A,-9.7,,4.47387
IA17M,-5.9,,-0.447368
IA27M,-10.1,,1.9417
LA33M,-5.3,,0.326869
IA50M,-0.6,,0.380938
LA66M,-2.5,,-0.322654
VA87M,-6.3,,-0.311072
IA100M,-4.5,,0.606399
FA104M,-0.8,,0.0975988
VA111M,-2.0,,-0.616516
AA129M,-5.2,,0.110653
VA149M,-7.8,,0.192943
MA6A,,1.6,2.79972
LA7A,,2.3,3.57959
IA17A,,2.3,1.92419
LA33A,,2.9,3.92433
IA50A,,1.6,2.61932
LA66A,,3.3,2.35624
IA78A,,1.2,3.42316
LA84A,,3.7,4.25641
VA87A,,1.5,1.80521
LA91A,,2.6,3.4171
LA99A,,4.1,3.61343
MA102A,,2.9,4.12639
IA100A,,2.5,2.93267
VA103A,,1.6,2.08362
FA104A,,2.7,2.9443
MA106A,,1.9,2.68103
VA111A,,1.0,2.44986
LA118A,,3.2,2.73197
LA121A,,2.2,3.54109
VA149A,,3.2,2.08987
FA153A,,3.4,4.47387
IA17M,,2.2,-0.36564
IA27M,,3.1,2.0886
LA33M,,2.0,0.336762
IA50M,,0.4,0.117047
LA66M,,1.0,-0.298681
VA87M,,2.3,-0.365182
IA100M,,1.6,0.678404
FA104M,,0.4,0.102036
VA111M,,0.7,-0.326741
AA129M,,1.9,0.929051
VA149M,,2.8,0.104002
IA27A,,3.9,3.07144
AA42G,,3.2,2.32402
IA50A,,2.9,2.63325
LA7A,,4.1,3.5862
VA87A,,2.8,1.80529
LA121A,,4.2,3.54046
AA130G,,2.1,1.05309
IA150V,,2.1,1.09569
LA7A,,3.7,3.58088
IA27A,,2.4,3.07429
RA96K,-0.2,,0.626835
RA96Q,-1.4,,1.37392
RA96A,-5.1,,1.72933
RA96V,-6.4,,1.83544
RA96S,-7.0,,2.09731
RA96E,-7.0,,2.19255
RA96G,-7.1,,3.09126
RA96M,-7.1,,0.736175
RA96T,-7.6,,3.01195
RA96C,-7.7,,1.45372
RA96I,-7.9,,1.89201
RA96N,-8.0,,1.92322
RA96H,-8.3,,8.20482
RA96L,-8.6,,1.79173
RA96D,-9.5,,3.83843
RA96F,-11.5,,10.6338
RA96W,-12.8,,8.86301
RA96Y,-13.2,,10.9392
RA96P,-15.5,,6.69754
KA85A,-1.0,,0.790327
DA89A,-1.3,,-0.271836
RA96Q,,0.3,1.38175
RA96A,,2.0,1.68361
RA96V,,2.4,1.66879
RA96S,,2.6,2.07412
RA96E,,2.5,2.18368
RA96G,,2.6,3.10419
RA96M,,2.7,0.745067
RA96T,,2.8,3.02341
RA96C,,2.9,1.44924
RA96I,,2.9,1.62681
RA96N,,3.0,1.92877
RA96H,,3.1,8.38344
RA96L,,3.2,1.71895
RA96D,,3.5,4.11615
RA96F,,4.2,10.3035
RA96W,,4.5,8.77798
RA96Y,,4.7,10.1391
RA96P,,5.5,6.65698
KA85A,,0.6,0.807444
DA89A,,0.5,-0.278265
RA96K,-0.7,,0.698021
RA96Q,-1.2,,1.36109
RA96A,-4.3,,1.75815
RA96V,-4.8,,1.74582
RA96S,-6.6,,2.10912
RA96E,-4.1,,2.09595
RA96G,-7.5,,3.11136
RA96M,-5.2,,0.704741
RA96T,-7.2,,3.01157
RA96C,-6.6,,1.4606
RA96I,-5.6,,1.88028
RA96N,-8.0,,1.97339
RA96H,-9.4,,8.39694
RA96L,-7.2,,1.74225
RA96D,-5.2,,4.0213
RA96F,-11.2,,10.4912
RA96W,-11.0,,8.81411
RA96Y,-12.3,,9.33616
RA96P,-16.6,,6.62249
KA85A,0.9,,0.779109
DA89A,-1.3,,-0.378323
RA96K,,0.5,0.436423
RA96Q,,0.7,1.30422
RA96A,,2.0,1.72654
RA96V,,2.5,1.77361
RA96S,,2.8,2.09125
RA96E,,1.9,2.25193
RA96G,,3.2,3.01691
RA96M,,2.5,0.730067
RA96T,,3.1,2.86384
RA96C,,2.9,1.44179
RA96I,,2.8,2.04478
RA96N,,3.3,1.99511
RA96H,,3.8,8.33262
RA96L,,3.2,1.68341
RA96D,,2.3,3.88198
RA96F,,4.2,10.7849
RA96W,,4.2,8.79551
RA96Y,,4.5,10.8321
RA96P,,6.0,6.52619
KA85A,,-0.1,0.802676
DA89A,,0.7,-0.295651
HA31N,,-1.8,0.441518
HA31N,,-1.8,0.329743
HA31N,,-1.8,0.378921
HA31N,,-1.8,0.462352
HA31N,,-1.8,0.322414
HA31N,,-1.8,0.345499
HA31N,,-1.8,0.416006
HA31N,,-1.8,0.292428
HA31N,,-1.8,0.440728
YA24A,,5.5,1.1851
RA14A,,3.0,1.00826
LA32A,,3.0,1.19309
VA149I,,0.0,-0.581469
NA53A,,0.8,0.516115
TA34A,,0.2,1.06226
LA99G,,5.6,5.15177
LA99A,,3.1,3.62021
LA121A,,1.0,3.54594
SA117A,,-1.2,-0.699473
SA117I,,-1.4,-2.51399
SA44E,,0.0,-0.00493911
LA121I,,1.3,0.273488
DA127A,,-0.2,-0.534307
KA60P,,0.0,-0.70772
LA99F,,0.0,-0.167047
KA16E,,0.1,0.137168
TA109N,,0.0,0.144779
TA115E,,0.0,0.0431948
SA38N,,0.0,-1.20968
AA98V,,4.4,3.76961
KA124G,,0.0,0.263281
IA3C,,0.4,1.39416
MA102V,,3.0,2.90371
WA138Y,,1.7,3.0657
IA3C,,-0.1,1.19269
IA3P,,2.8,1.35174
IA3S,,1.8,4.01804
PA37A,,0.0,0.54398
CA54T,,-0.8,-0.377467
TA59D,,1.1,-2.27949
LA99V,,2.1,2.56094
MA102K,,6.0,3.52956
VA111F,,1.6,2.64104
GA113A,,-0.4,-0.218182
SA117F,,-1.2,3.76273
RA119E,,0.1,-0.393414
KA135E,,0.7,0.903951
KA147E,,-0.4,-0.286526
VA149C,,2.1,1.8874
FA153I,,0.3,2.37781
TA157L,,1.6,1.42179
IA3C,,-1.0,2.75501
IA3C,,-1.2,1.3687
IA3C,,1.2,2.25796
RA96H,,3.3,8.01689
PA37A,,0.0,0.549142
IA3A,,0.8,2.82402
IA3D,,2.9,2.75848
IA3G,,2.0,4.3375
IA3M,,0.8,1.01496
IA3T,,2.1,2.61601
IA3V,,0.5,1.1988
IA3Y,,2.4,2.93752
MA6I,,3.1,3.64281
SA38D,,0.0,-3.54281
CA54T,,-0.9,-0.94842
KA60H,,0.3,0.50706
GA77A,,0.2,-1.1376
RA96H,,2.9,8.16047
QA105A,,0.7,0.30792
QA105E,,0.9,0.360766
QA105G,,2.3,1.38605
NA116D,,0.5,-0.850608
RA119M,,0.0,-1.04511
KA135E,,0.8,0.909783
WA138Y,,2.6,2.83541
AA146T,,2.2,3.54533
KA147E,,-0.5,-0.00265426
RA154E,,-0.7,0.205543
GA156D,,3.0,8.56632
TA157D,,2.1,0.968305
TA157E,,1.2,0.953254
TA157F,,3.7,0.735329
TA157I,,1.8,1.37209
TA157R,,-0.5,-0.310519
TA157V,,1.5,0.874763
AA160T,,3.1,2.14302
LA7A,,3.9,3.57958
RA96K,,0.0,0.387827
MA6A,,1.2,2.84899
MA6L,,5.0,2.23289
EA11H,,-0.7,-1.21335
EA11N,,1.4,-1.38695
RA14K,,0.0,-0.0156373
IA17A,,4.2,1.90074
IA17M,,3.3,-0.308817
DA20A,,0.5,-0.790766
DA20N,,-1.1,1.28287
DA20S,,-0.2,-0.758867
DA20T,,-0.6,0.119881
EA22K,,-0.6,-0.220382
TA26S,,-0.6,0.781609
IA27A,,3.1,3.08784
IA27M,,7.1,2.21366
GA28A,,2.2,3.27246
IA29A,,2.6,2.18182
LA33A,,5.2,3.96953
LA33M,,2.6,0.307122
SA38N,,0.0,-1.42249
LA39A,,0.9,1.15079
NA40A,,0.2,-0.449891
NA40D,,-0.4,-0.98328
AA41D,,-0.3,-0.728961
AA41S,,0.8,0.785101
AA42F,,5.2,14.6873
AA42I,,4.4,6.21842
AA42L,,5.1,5.59992
AA42K,,3.7,11.6236
AA42V,,3.5,3.42627
AA42S,,2.6,0.66052
KA43A,,2.2,0.422004
SA44A,,0.4,-0.0367208
SA44C,,0.1,0.430845
SA44D,,0.1,0.620926
SA44E,,0.0,-0.00634057
SA44F,,-0.1,-0.191431
SA44G,,0.5,0.632738
SA44H,,0.0,0.261748
SA44I,,-0.3,-0.119584
SA44K,,-0.2,-0.1874
SA44L,,-0.4,-0.161905
SA44M,,-0.3,-0.194818
SA44N,,0.1,-0.0245864
SA44P,,3.0,4.14513
SA44Q,,-0.3,-0.412526
SA44R,,-0.2,-0.463309
SA44T,,0.0,0.382391
SA44V,,-0.1,0.438224
SA44W,,-0.1,-0.0395484
SA44Y,,-0.2,-0.0631828
EA45A,,-0.3,-0.364299
LA46A,,4.2,3.30316
DA47A,,1.6,-0.591892
KA48A,,1.9,0.0084021
AA49S,,0.4,0.433802
IA50A,,1.8,2.63637
IA50M,,1.2,0.2945
IA58A,,3.2,3.95181
IA58T,,3.4,3.10348
TA59A,,1.5,0.734001
TA59D,,1.2,-2.31632
TA59G,,1.6,-0.147309
TA59N,,1.1,-0.576278
TA59S,,0.2,-0.643419
TA59V,,1.5,1.32386
KA60H,,0.1,0.513407
LA66A,,5.1,2.37557
FA67A,,1.9,4.38782
QA69P,,2.9,2.04454
VA71A,,1.5,2.36175
DA72P,,2.7,1.98211
AA73S,,0.3,0.0210219
AA74P,,4.6,4.67961
VA75T,,0.5,0.103624
IA78A,,0.6,3.4651
IA78M,,1.6,-0.127164
IA78V,,0.7,1.46414
RA80K,,0.2,0.253878
AA82S,,0.2,0.330092
KA83H,,0.4,1.12674
LA84A,,3.5,4.27162
LA84M,,2.4,0.106606
VA87A,,0.6,1.81284
VA87I,,0.6,-0.286345
VA87M,,2.2,-0.363581
VA87T,,1.2,1.20721
SA90H,,1.1,-0.00753538
LA91A,,2.2,3.40901
LA91M,,0.7,0.0378701
DA92N,,1.4,5.49379
AA93S,,0.1,0.350028
AA93T,,-0.1,0.274772
VA94A,,1.8,0.531364
AA98S,,2.1,1.00359
AA98C,,1.1,2.74113
AA98M,,4.0,7.76525
AA98V,,4.4,3.99819
LA99A,,3.3,3.60219
LA99F,,0.3,-0.121994
LA99I,,1.5,1.4619
LA99M,,-0.4,-0.163866
LA99V,,2.0,2.54736
IA100A,,1.7,2.92597
IA100M,,0.8,0.669286
IA100V,,0.4,0.910274
NA101A,,1.5,0.574224
MA102A,,2.8,4.07352
MA102L,,1.7,0.837446
VA103A,,1.1,2.08836
VA103I,,0.3,-0.625083
VA103M,,1.6,0.971253
FA104A,,2.6,2.9495
FA104M,,1.1,0.110803
QA105M,,1.2,-0.774919
MA106A,,2.0,2.71151
MA106I,,0.0,1.71867
MA106K,,3.5,1.55515
MA106L,,0.0,0.779807
EA108V,,-0.3,0.227067
TA109D,,0.6,-1.25361
TA109N,,-0.1,0.149589
VA111A,,0.9,2.5179
VA111F,,1.7,3.09424
VA111I,,0.8,0.771783
VA111M,,0.4,-0.835078
GA113E,,-0.3,-0.0495587
TA115A,,0.1,0.720656
NA116A,,-0.2,-0.550993
SA117A,,-1.3,-0.694369
SA117F,,-1.1,4.208
LA118A,,2.7,2.73979
LA118I,,1.2,1.34312
LA118M,,0.1,-0.668693
RA119A,,0.2,-0.440204
RA119H,,0.3,0.107473
MA120A,,0.2,1.40801
MA120K,,2.0,0.972499
MA120L,,-0.4,-0.440377
MA120Y,,0.7,0.39472
LA121A,,2.7,3.53924
LA121M,,0.2,-0.295897
QA122A,,0.2,0.247018
QA123A,,0.2,-0.0835357
AA129L,,1.9,1.11336
AA129M,,2.5,0.776432
AA129F,,1.9,8.87299
AA129W,,3.2,19.0843
AA130S,,0.8,0.624076
LA133D,,7.5,5.06453
LA133F,,0.3,-0.996475
LA133M,,0.3,-0.395938
AA134S,,0.2,0.0799117
NA144H,,0.3,0.067907
NA144E,,-0.5,-1.85277
VA149A,,0.7,2.08827
VA149C,,2.0,1.88707
VA149G,,4.9,3.84194
VA149I,,0.5,-0.589377
VA149M,,2.4,0.0491844
VA149S,,4.4,3.7683
VA149T,,3.0,2.01791
TA151S,,-0.4,-0.0800485
TA152A,,1.5,0.110469
TA152C,,0.5,0.23791
TA152I,,0.4,-1.58045
TA152S,,2.0,1.21133
TA152V,,-0.2,-1.51156
FA153A,,2.8,4.47387
FA153I,,0.2,2.51514
FA153L,,-0.3,1.37797
FA153M,,0.3,1.17385
FA153V,,1.8,3.6438
IA3C,,-0.4,2.53979
PA37A,,0.3,0.542453
LA39P,,2.8,-0.690664
AA41V,,-0.2,0.0523453
KA60P,,0.0,-0.690554
PA86A,,0.4,2.22721
AA98V,,8.1,3.80556
MA102V,,3.9,2.2861
EA128K,,1.3,-0.354909
LA133A,,3.6,3.48509
PA143A,,1.0,1.6469
NA144D,,0.3,-1.9805
AA146T,,4.1,3.15477
VA149C,,2.4,1.89354
TA152S,,2.9,1.20914
YA25G,,3.9,3.31826
IA27A,,2.7,3.07807
SA38D,,-1.0,-3.62334
AA42G,,2.7,2.32392
IA50A,,2.5,2.609
GA51D,,2.2,4.7549
CA54Y,,4.3,10.0965
IA58Y,,2.6,15.786
GA77A,,1.0,-1.17334
PA86G,,1.6,2.70592
VA87A,,2.4,1.80865
AA98T,,3.3,3.72172
AA98V,,4.3,3.428
VA103A,,1.6,2.07683
QA105G,,2.6,1.41361
LA121A,,3.6,3.54446
WA126R,,4.9,1.69667
AA130G,,1.8,0.884386
WA138Y,,2.4,2.47458
AA146T,,2.4,3.52301
AA146I,,3.7,4.11299
AA146V,,3.7,1.89174
VA149A,,2.4,2.07359
IA150V,,1.8,1.24112
FA153C,,2.6,4.57277
GA156D,,3.5,8.59545
TA157D,,2.0,0.809558
TA157F,,3.5,0.755113
AA160T,,3.9,2.1709
MA6I,,4.1,3.83895
LA7A,,3.3,3.46457
LA99M,,0.5,-0.16503
VA111A,,1.2,2.43511
LA46A,,2.2,3.30509
TA152S,,2.2,1.21112
LA7A,,3.6,3.55652
LA99G,,6.7,5.14515
VA149T,,2.9,2.01383
VA149A,,3.0,2.09021
FA153A,,3.6,4.47387
LA121A,,3.1,3.54042
MA102L,,0.9,0.847081
LA91P,,9.7,7.04872
VA103A,,2.0,2.09997
AA74P,,4.8,4.67311
GA156D,,2.9,8.34258
IA50A,,2.6,2.63241
DA47A,,0.7,-0.611797
EA108V,,-1.0,0.232741
SA38D,,0.0,-3.52842
SA38N,,0.0,-1.28453
EA45A,,-0.2,-0.33296
QA105G,,2.2,1.49515
DA92N,,1.1,5.56947
SA44A,,0.2,-0.0314055
TA59S,,0.3,-0.642781
TA59N,,1.0,-0.592362
TA59G,,1.7,-0.125187
TA59A,,1.8,0.730206
TA59V,,1.8,1.31107
AA93P,,-0.3,-1.50502
QA69P,,3.0,1.96834
AA82P,,0.4,-1.37202
NA144H,,0.1,0.00405024
TA109D,,0.4,-1.25928
KA48A,,0.5,0.037922
LA66P,,7.1,4.53383
IA3D,,2.5,2.74819
IA3E,,1.6,1.4477
IA3M,,0.6,1.04632
IA3Y,,2.5,3.00819
KA16E,,0.0,0.130517
SA38D,,0.3,-3.53273
SA44E,,0.0,0.00143979
TA59N,,0.8,-0.593208
KA60H,,0.5,0.518902
QA69P,,3.1,1.97295
GA77A,,0.0,-1.0743
AA93P,,-0.4,-1.50638
RA96H,,3.0,8.11296
EA108V,,-1.1,0.216381
TA109D,,0.1,-1.25824
LA133D,,5.4,5.0774
NA144E,,-0.4,-1.81699
NA144H,,-0.1,0.0728851
AA146T,,1.9,3.55404
FA153M,,0.7,1.17377
RA154E,,-0.5,0.238274
GA156D,,1.9,8.24873
TA157N,,0.9,0.150192
TA157R,,-0.7,-0.231659
