,position,experimental_ddg,calculated_ddg,difference
428,MA6I,4.78,3.88269,0.89731
429,YA25G,4.55,3.28028,1.26972
430,SA38D,1.2,-3.5397,4.7397
431,GA51D,2.63,4.75522,-2.1252199999999997
432,CA54Y,5.02,10.0546,-5.034600000000001
433,IA58Y,3.11,16.1219,-13.0119
434,GA77A,1.2,-1.1286,2.3286
435,AA82P,0.72,-1.39805,2.11805
436,PA86G,1.91,2.71205,-0.8020500000000002
437,LA91P,8.13,6.97793,1.152070000000001
438,AA98T,3.83,3.73678,0.09322000000000008
439,AA98V,5.02,3.99014,1.0298599999999998
440,VA103A,1.91,2.07968,-0.16968000000000028
441,QA105G,3.11,1.36835,1.74165
442,WA126R,5.74,1.84718,3.8928200000000004
443,WA138Y,2.87,2.73371,0.13629000000000024
444,AA146I,4.31,3.8429,0.4670999999999994
445,AA146T,2.87,3.55282,-0.68282
446,AA146V,4.31,2.9963,1.3136999999999994
447,VA149A,2.87,2.04643,0.8235700000000001
448,FA153C,3.11,4.56844,-1.45844
449,GA156D,4.07,8.21736,-4.147359999999999
450,TA157D,2.39,0.874898,1.5151020000000002
451,TA157F,4.07,0.677005,3.3929950000000004
452,AA160T,4.55,2.3634,2.1866
484,LA91P,10.98,7.05757,3.9224300000000003
485,LA66P,12.23,4.57812,7.65188
497,KA135E,1.0,0.919829,0.08017099999999999
498,KA147E,0.7,-0.0711739,0.7711739
513,IA58T,3.4,3.0987,0.3012999999999999
514,NA101A,1.5,0.551602,0.948398
515,QA105M,1.2,-0.947446,2.147446
516,VA149A,3.1,2.08645,1.01355
517,VA149S,4.4,3.76911,0.6308900000000004
518,VA149C,2.0,1.89083,0.10916999999999999
519,VA149T,3.0,2.01187,0.98813
520,VA149I,0.1,-0.611252,0.711252
521,VA149G,4.9,3.8402,1.0598000000000005
522,TA152A,1.5,0.115243,1.384757
523,TA152S,2.0,1.20184,0.79816
524,TA152C,0.5,0.188899,0.31110099999999996
525,TA152V,-0.2,-1.51247,1.31247
526,TA152I,0.4,-1.59351,1.9935100000000001
527,EA128K,1.16,-0.37346,1.5334599999999998
528,AA146T,2.29,3.51284,-1.2228400000000001
529,KA60P,-0.1,-0.711929,0.6119290000000001
530,GA77A,0.4,-1.15588,1.5558800000000002
531,AA82P,-0.3,-1.39663,1.09663
532,AA93P,-0.1,-1.49886,1.39886
533,GA113A,-0.1,-0.218767,0.11876699999999998
534,GA77A,0.4,-1.15378,1.5537800000000002
535,AA82P,-0.8,-1.40339,0.6033899999999999
536,AA93P,-0.1,-1.49881,1.3988099999999999
537,GA113A,-0.3,-0.218167,-0.08183299999999999
538,SA38D,0.1,-3.55457,3.65457
539,TA115E,0.5,0.0328705,0.4671295
540,NA116D,0.1,-0.73554,0.83554
541,RA119M,0.3,-1.06164,1.36164
542,NA144D,0.1,-2.00575,2.10575
543,SA38D,-0.6,-3.5418,2.9417999999999997
544,TA115E,-0.3,0.0296951,-0.32969509999999996
545,NA116D,-0.6,-0.894645,0.29464500000000005
546,RA119M,-0.1,-0.993711,0.893711
547,NA144D,-0.5,-1.94734,1.44734
548,TA115E,0.5,0.0450231,0.4549769
549,TA115E,0.2,0.0499616,0.15003840000000002
550,TA115E,0.1,0.0458254,0.0541746
551,TA115E,-0.3,0.0497108,-0.3497108
552,QA123E,-0.3,-0.117601,-0.18239899999999998
553,QA123E,-0.1,0.173106,-0.273106
554,QA123E,-0.4,0.14058,-0.5405800000000001
555,NA144E,-0.2,-1.82591,1.62591
556,NA144E,-0.5,-1.87876,1.37876
557,NA144E,-0.5,-1.83033,1.33033
558,KA60H,0.8,0.552886,0.24711400000000006
559,KA60H,0.1,0.539354,-0.439354
560,SA90H,1.0,-0.0387841,1.0387841
561,SA90H,1.1,-0.0103202,1.1103202
562,SA90H,1.1,0.026732,1.073268
563,KA83H,0.5,1.447,-0.9470000000000001
564,KA83H,0.4,1.15874,-0.7587400000000001
565,LA46A,2.7,3.30006,-0.60006
566,LA118A,3.5,2.74084,0.7591600000000001
567,LA121A,2.7,3.54245,-0.8424499999999999
568,LA99A,5.0,3.62232,1.3776799999999998
569,LA133A,4.3,3.50976,0.7902399999999998
570,FA153A,3.5,4.47387,-0.9738699999999998
571,KA16E,0.5,0.0914572,0.4085428
572,RA119E,0.2,-0.323523,0.523523
573,KA135E,0.2,0.917892,-0.717892
574,KA147E,-0.1,0.032335,-0.132335
575,RA154E,-0.2,0.164222,-0.36422200000000005
576,KA16E,0.5,0.128416,0.371584
577,RA119E,0.04,-0.421274,0.46127399999999996
578,KA135E,1.0,0.90714,0.09286000000000005
579,KA147E,0.7,-0.00354225,0.7035422499999999
580,RA154E,1.1,0.140381,0.9596190000000001
581,NA40A,-0.43,-0.462935,0.03293499999999999
582,KA43A,0.96,0.447555,0.512445
583,SA44A,0.44,-0.0492943,0.4892943
584,EA45A,-0.55,-0.319407,-0.23059300000000005
585,LA46A,2.62,3.29866,-0.6786599999999998
586,DA47A,0.28,-0.606073,0.886073
587,KA48A,0.32,0.00305841,0.31694159
588,NA40A,-0.32,-0.479887,0.159887
589,KA43A,1.03,0.336776,0.6932240000000001
590,SA44A,-0.34,-0.051659,-0.288341
591,EA45A,-0.01,-0.352071,0.342071
592,LA46A,1.86,3.30383,-1.44383
593,DA47A,0.95,-0.621034,1.571034
594,KA48A,0.56,-0.00269949,0.5626994900000001
595,RA14K,0.03,0.00143133,0.028568669999999997
596,EA22K,-0.57,-0.179079,-0.39092099999999996
597,TA26S,-0.57,0.830897,-1.400897
598,NA40D,-0.44,-1.02101,0.58101
599,AA41D,-0.29,-0.452742,0.162742
600,RA80K,0.17,0.14067,0.029330000000000023
601,AA93T,-0.06,0.2748,-0.3348
602,GA113E,-0.3,-0.0499815,-0.2500185
603,RA119H,0.29,0.00936605,0.28063394999999997
604,TA151S,-0.39,-0.0904636,-0.29953640000000004
605,FA153L,-0.35,1.40695,-1.7569499999999998
606,NA163D,0.21,-0.1407,0.3507
607,IA78M,1.5,-0.0877156,1.5877156000000001
608,LA84M,1.9,0.108731,1.791269
609,LA91M,0.8,0.0554139,0.7445861
610,LA99M,0.4,-0.148429,0.548429
611,IA100M,1.6,0.55542,1.04458
612,VA103M,1.2,0.802964,0.39703599999999994
613,LA118M,0.7,-0.692017,1.392017
614,LA121M,0.8,-0.300963,1.1009630000000001
615,LA133M,0.4,-0.39548,0.79548
616,FA153M,0.6,1.2249,-0.6249000000000001
617,LA121A,2.3,3.54303,-1.24303
618,AA129L,1.3,1.1233,0.17670000000000008
619,AA129M,1.9,0.806438,1.093562
620,FA153A,3.4,4.47387,-1.0738699999999999
621,TA115A,0.14,0.727715,-0.587715
622,NA116A,-0.17,-0.626733,0.45673299999999994
623,SA117A,-1.27,-0.69099,-0.57901
624,LA118A,3.5,2.71134,0.7886600000000001
625,RA119A,0.18,-0.34612,0.5261199999999999
626,MA120A,0.2,1.43809,-1.2380900000000001
627,LA121A,2.7,3.54211,-0.8421099999999999
628,QA122A,0.24,0.159596,0.080404
629,QA123A,0.22,-0.168917,0.388917
630,QA105A,0.9,0.349083,0.5509170000000001
631,QA105E,0.5,0.646314,-0.14631400000000006
632,QA105G,1.7,1.42832,0.2716799999999999
633,QA105A,0.6,0.285085,0.314915
634,QA105E,1.1,0.394013,0.7059870000000001
635,QA105G,1.5,1.4321,0.06790000000000007
636,SA117F,-1.4,3.68546,-5.085459999999999
637,SA117F,-1.1,3.53603,-4.63603
638,AA41S,0.6,0.78596,-0.18596000000000001
639,AA42S,2.3,0.659947,1.640053
640,AA49S,0.5,0.432586,0.06741399999999997
641,AA73S,0.4,0.0212836,0.3787164
642,AA82S,0.3,0.340189,-0.04018900000000003
643,AA93S,0.2,0.350909,-0.15090900000000002
644,AA98S,2.5,1.04341,1.45659
645,AA130S,1.0,0.680841,0.31915899999999997
646,AA134S,0.1,0.0780161,0.0219839
647,VA75T,1.3,0.122319,1.177681
648,VA87T,1.6,1.2129,0.3871
649,VA149T,2.8,2.01442,0.78558
650,QA69P,3.3,1.96913,1.3308699999999998
651,DA72P,2.6,2.08868,0.51132
652,QA69P,2.9,1.95698,0.94302
653,DA72P,2.7,1.96391,0.7360900000000001
654,AA74P,4.6,4.71001,-0.11000999999999994
655,AA74P,5.7,4.69653,1.00347
656,AA74P,5.0,4.72291,0.2770900000000003
657,AA74P,4.5,4.70502,-0.2050200000000002
658,MA102L,0.74,0.802272,-0.062271999999999994
659,VA111F,1.43,4.34674,-2.91674
660,VA111I,0.69,0.710476,-0.02047600000000005
661,MA102L,0.82,0.887588,-0.06758800000000009
662,VA111F,1.69,3.2776,-1.5876000000000001
663,VA111I,0.85,0.723029,0.12697099999999995
664,RA96H,3.3,7.6265,-4.3265
665,MA102V,3.0,3.0428,-0.04280000000000017
666,WA138Y,1.71,2.71934,-1.00934
667,GA77A,0.4,-1.1034,1.5034
668,AA82P,-0.3,-1.40309,1.10309
669,GA77A,0.4,-1.08601,1.4860099999999998
670,AA82P,-0.8,-1.42622,0.62622
671,EA128A,-0.16,0.272296,-0.432296
672,VA131A,-0.27,-0.606234,0.33623400000000003
673,LA133A,4.19,3.49815,0.6918500000000005
674,MA102K,8.9,3.44938,5.450620000000001
675,LA133D,4.9,5.06535,-0.16534999999999922
676,LA133D,5.5,5.07274,0.4272600000000004
677,MA102K,6.9,3.56041,3.3395900000000003
678,LA133D,5.7,5.08051,0.6194899999999999
679,MA102K,2.2,3.58491,-1.3849099999999996
680,TA157N,0.45,0.316699,0.133301
681,TA157S,0.66,0.098611,0.561389
682,TA157D,1.1,0.904762,0.19523800000000013
683,TA157G,1.1,1.76049,-0.66049
684,TA157C,1.3,0.843026,0.456974
685,TA157L,1.3,1.43445,-0.13444999999999996
686,TA157R,1.3,-0.285926,1.5859260000000002
687,TA157A,1.4,1.46761,-0.06761000000000017
688,TA157E,1.5,1.03813,0.46187
689,TA157V,1.6,0.720908,0.8790920000000001
690,TA157H,2.1,0.478931,1.621069
691,TA157F,2.4,0.807878,1.5921219999999998
692,TA157I,2.9,1.16248,1.73752
693,TA157I,2.1,1.2145,0.8855000000000002
694,TA157I,1.2,1.2406,-0.04059999999999997
695,NA55G,0.5,-1.28223,1.78223
696,NA55G,0.6,-1.24162,1.8416199999999998
697,KA124G,0.1,0.217497,-0.11749699999999999
698,LA133F,0.2,-0.981775,1.181775
699,AA129V,0.8,-1.24451,2.04451
700,LA133F,0.3,-0.984798,1.2847979999999999
701,AA129V,0.7,-1.24659,1.94659
702,IA3Y,2.7,2.89605,-0.1960499999999996
703,IA3F,1.0,3.93384,-2.93384
704,IA3L,-0.9,0.479503,-1.3795030000000001
705,IA3V,0.6,1.18952,-0.5895199999999999
706,IA3M,0.3,1.03881,-0.73881
707,IA3A,1.1,2.79201,-1.6920099999999998
708,IA3T,1.7,2.6346,-0.9345999999999999
709,IA3S,1.9,4.04744,-2.14744
710,IA3G,1.8,4.33067,-2.5306699999999998
711,IA3E,1.1,1.39257,-0.29257
712,IA3D,1.8,2.74906,-0.94906
713,IA3W,2.8,3.95527,-1.1552700000000002
714,IA3Y,2.3,3.27315,-0.97315
715,IA3F,1.1,4.10807,-3.0080699999999996
716,IA3L,-0.4,0.353234,-0.753234
717,IA3V,0.4,1.19489,-0.79489
718,IA3M,0.9,0.993837,-0.09383699999999995
719,IA3A,0.7,2.81455,-2.1145500000000004
720,IA3T,2.3,2.64678,-0.3467800000000003
721,IA3S,1.7,4.02574,-2.3257399999999997
722,IA3G,2.1,4.34216,-2.2421599999999997
723,IA3E,2.0,1.38851,0.6114900000000001
724,IA3D,3.2,2.7317,0.46830000000000016
725,CA54V,0.7,1.11144,-0.41144000000000003
726,CA54T,-0.3,-1.21108,0.9110799999999999
727,RA96H,2.8,8.28636,-5.48636
728,AA146T,1.5,3.45739,-1.9573900000000002
729,GA156D,1.4,8.54887,-7.1488700000000005
730,GA156D,2.3,8.36224,-6.06224
731,TA157A,1.1,1.42905,-0.32904999999999984
732,TA157E,1.5,0.952822,0.547178
733,TA157I,2.1,1.29853,0.8014700000000001
734,TA157L,1.7,1.34215,0.35785
735,TA157N,1.0,0.107469,0.892531
736,TA157R,1.1,-0.281857,1.3818570000000001
737,TA157V,1.7,0.691037,1.008963
738,TA157A,0.9,1.29992,-0.39991999999999994
739,TA157E,1.3,0.951462,0.348538
740,TA157I,1.9,1.36848,0.53152
741,TA157L,1.7,1.3988,0.3011999999999999
742,TA157N,1.1,0.315453,0.7845470000000001
743,TA157R,0.6,-0.150536,0.750536
744,TA157V,1.6,0.801439,0.7985610000000001
745,TA157A,0.5,1.54818,-1.04818
746,TA157E,0.8,0.944497,-0.144497
747,TA157I,1.5,1.24744,0.2525599999999999
748,TA157L,1.7,1.31613,0.38386999999999993
749,TA157N,1.2,0.431861,0.7681389999999999
750,TA157R,-0.3,-0.303989,0.00398900000000002
751,TA157V,1.2,0.890402,0.30959799999999993
752,IA3E,1.77,1.39309,0.3769100000000001
753,IA3F,1.49,4.20984,-2.7198399999999996
754,IA3L,-0.85,0.459087,-1.309087
755,IA3P,2.96,1.36187,1.59813
756,IA3T,2.45,2.6451,-0.1950999999999996
757,IA3E,1.71,1.41017,0.29983000000000004
758,IA3F,1.09,4.33254,-3.24254
759,IA3L,-1.01,0.485882,-1.495882
760,IA3P,2.97,1.35188,1.6181200000000002
761,IA3T,2.28,2.61131,-0.3313100000000002
762,IA3E,1.53,1.3992,0.13080000000000003
763,IA3F,0.53,4.56863,-4.0386299999999995
764,IA3L,-1.16,0.447564,-1.607564
765,IA3P,2.53,1.35914,1.1708599999999998
766,IA3T,1.81,2.63578,-0.82578
767,AA82P,0.07,-1.38481,1.4548100000000002
768,AA93P,-0.03,-1.50656,1.4765599999999999
769,GA113A,-0.5,-0.218097,-0.281903
770,AA82P,-0.51,-1.40346,0.8934599999999999
771,AA93P,-0.51,-1.50362,0.99362
772,GA113A,-0.54,-0.217793,-0.322207
773,AA82P,-1.27,-1.41485,0.14484999999999992
774,AA93P,-1.1,-1.50464,0.4046399999999999
775,GA113A,-0.54,-0.218079,-0.321921
776,SA38D,-0.22,-3.54685,3.32685
777,AA82P,-0.45,-1.41241,0.96241
778,NA144D,-0.4,-1.9098,1.5097999999999998
779,IA3L,-0.83,0.354568,-1.184568
780,VA131A,-0.33,-0.570227,0.24022700000000002
781,AA41V,-0.41,0.0519253,-0.4619253
782,NA116D,-0.34,-0.949339,0.6093390000000001
783,SA38D,-0.6,-3.59339,2.9933899999999998
784,AA82P,-0.57,-1.3873,0.8173
785,NA144D,-0.41,-1.90388,1.49388
786,IA3L,-0.7,0.419369,-1.1193689999999998
787,VA131A,-0.39,-0.597005,0.207005
788,AA41V,-0.3,0.0516732,-0.3516732
789,NA116D,-0.6,-0.843105,0.24310500000000002
790,EA11F,-1.7,-2.97765,1.2776500000000002
791,EA11M,-1.6,-2.4257,0.8256999999999999
792,EA11A,-1.1,-0.87297,-0.22703000000000007
793,GA30A,-0.1,3.47547,-3.57547
794,GA30F,1.5,4.6126,-3.1125999999999996
795,SA117V,-2.0,-0.904032,-1.095968
796,SA117I,-1.7,-2.21889,0.5188900000000001
797,SA117F,-1.1,3.78581,-4.88581
798,NA132M,-1.5,-0.848188,-0.651812
799,NA132F,-1.3,-0.382965,-0.917035
800,NA132I,-1.2,-0.0826962,-1.1173038
801,EA11H,-0.1,-1.29476,1.1947599999999998
802,EA11N,0.1,-1.37807,1.47807
803,DA20N,-1.3,1.40988,-2.70988
804,DA20T,-0.9,0.0502171,-0.9502171
805,DA20S,-0.7,-0.927835,0.227835
806,DA20A,0.3,-0.856953,1.156953
807,SA44A,-0.43,-0.0355587,-0.3944413
808,SA44L,-0.39,-0.133953,-0.256047
809,SA44M,-0.33,-0.141718,-0.188282
810,SA44I,-0.31,-0.13816,-0.17184
811,SA44Q,-0.27,-0.375321,0.105321
812,SA44R,-0.24,-0.504205,0.264205
813,SA44K,-0.2,-0.217763,0.017763
814,SA44Y,-0.19,-0.0459299,-0.1440701
815,SA44V,-0.1,0.483261,-0.583261
816,SA44F,-0.06,-0.177261,0.117261
817,SA44W,-0.05,-0.0364797,-0.013520300000000006
818,SA44H,-0.04,0.275408,-0.31540799999999997
819,SA44T,-0.01,0.38675,-0.39675
820,SA44D,0.11,0.610091,-0.5000910000000001
821,SA44C,0.11,0.43426,-0.32426
822,SA44N,0.14,-0.00867575,0.14867575000000002
823,SA44G,0.53,0.635199,-0.10519899999999993
824,SA44P,3.03,3.87435,-0.8443500000000004
825,VA131A,-0.26,-0.584801,0.324801
826,VA131L,-0.09,-0.726186,0.636186
827,VA131M,-0.12,-0.630557,0.510557
828,VA131I,-0.16,-0.729896,0.569896
829,VA131T,0.12,-0.68047,0.80047
830,VA131E,-0.2,-0.590891,0.39089100000000004
831,VA131S,0.05,-0.409722,0.45972199999999996
832,VA131D,-0.08,-0.185063,0.105063
833,VA131G,0.68,0.0119414,0.6680586000000001
834,LA99A,5.0,3.61679,1.38321
835,LA99V,2.3,2.58201,-0.2820100000000001
836,LA99I,1.4,1.41017,-0.010170000000000012
837,LA99M,0.7,-0.158508,0.8585079999999999
838,LA99F,0.4,-0.123123,0.523123
839,FA153A,3.5,4.47387,-0.9738699999999998
840,FA153V,1.8,3.55265,-1.7526499999999998
841,FA153I,0.5,2.42727,-1.92727
842,FA153L,-0.2,1.42873,-1.62873
843,FA153M,0.8,1.20186,-0.4018599999999999
844,LA99A,4.5,3.61709,0.8829099999999999
845,LA99V,2.0,2.54407,-0.54407
846,LA99I,1.5,1.39817,0.10183000000000009
847,LA99M,0.6,-0.15511,0.75511
848,LA99F,0.3,-0.11788,0.41788
849,FA153A,3.8,4.47387,-0.67387
850,FA153V,1.8,3.36459,-1.5645900000000001
851,FA153I,0.2,2.37124,-2.1712399999999996
852,FA153L,-0.3,1.48184,-1.78184
853,FA153M,0.6,1.19412,-0.5941200000000001
854,TA59N,0.6,-0.582266,1.1822659999999998
855,TA59S,0.7,-0.642215,1.342215
856,TA59D,0.9,-2.2377,3.1376999999999997
857,TA59G,2.2,-0.144746,2.344746
858,TA59V,2.8,1.31919,1.4808099999999997
859,TA59A,2.8,0.729826,2.0701739999999997
860,TA59N,1.1,-0.608349,1.7083490000000001
861,TA59S,0.2,-0.644537,0.8445370000000001
862,TA59D,1.2,-2.27095,3.47095
863,TA59G,1.6,-0.149652,1.7496520000000002
864,TA59V,1.5,1.3134,0.1866000000000001
865,TA59A,1.5,0.730815,0.769185
866,AA98V,4.9,3.97352,0.9264800000000002
867,TA152S,2.6,1.21002,1.38998
868,VA149C,2.2,1.88998,0.3100200000000002
869,VA131A,-0.15,-0.577854,0.42785399999999996
870,VA131T,0.11,-0.683627,0.793627
871,AA41V,-0.42,0.0534116,-0.4734116
872,VA131A,-0.3,-0.596542,0.29654200000000003
873,VA131T,0.05,-0.68103,0.7310300000000001
874,AA41V,-0.45,0.0496102,-0.4996102
875,SA38N,0.1,-1.14483,1.24483
876,DA92N,0.1,5.54047,-5.44047
877,TA109D,0.3,-1.25714,1.55714
878,NA144H,0.6,0.0318367,0.5681632999999999
879,DA92N,1.4,5.48255,-4.0825499999999995
880,TA109D,-0.6,-1.25427,0.65427
881,TA109N,-0.1,0.144351,-0.244351
882,NA144H,-0.3,0.0582392,-0.3582392
883,LA39A,0.9,1.09679,-0.1967899999999999
884,NA40A,-0.2,-0.454103,0.25410299999999997
885,AA42K,3.7,11.9451,-8.2451
886,KA43A,1.1,0.389857,0.7101430000000001
887,LA46A,2.1,3.30718,-1.2071799999999997
888,MA6I,1.38,3.87488,-2.49488
889,CA54T,-1.36,-0.47589,-0.8841100000000002
890,RA96H,2.82,8.32447,-5.5044699999999995
891,AA160T,1.65,2.06518,-0.4151799999999999
892,IA17A,2.7,1.93646,0.7635400000000001
893,IA27A,3.1,3.06624,0.03376000000000001
894,IA29A,2.6,2.22816,0.37184000000000017
895,IA50A,2.0,2.6354,-0.6354000000000002
896,IA58A,3.2,3.9184,-0.7183999999999999
897,IA78A,1.6,3.4555,-1.8554999999999997
898,IA100A,3.4,2.92198,0.4780199999999999
899,VA71A,1.5,2.3485,-0.8485
900,VA87A,1.7,1.81138,-0.11138000000000003
901,VA94A,1.8,0.479968,1.320032
902,VA103A,2.2,2.07613,0.12387000000000015
903,VA111A,1.3,2.4636,-1.1636
904,VA149A,3.2,2.09149,1.1085100000000003
905,MA6A,1.9,2.8524,-0.9523999999999999
906,MA106A,2.3,2.74483,-0.44483000000000006
907,FA67A,1.9,4.4367,-2.5367
908,FA104A,3.1,2.95631,0.14368999999999987
909,LA7A,2.6,3.5997,-0.9996999999999998
910,LA33A,3.6,3.93728,-0.3372799999999998
911,LA66A,3.9,2.35753,1.5424699999999998
912,LA84A,3.9,4.26714,-0.36714000000000047
913,LA91A,3.1,3.43395,-0.33394999999999975
914,MA6L,2.8,2.10426,0.6957399999999998
915,MA106L,-0.5,0.791866,-1.291866
916,MA120L,-0.5,-0.430193,-0.06980700000000001
917,MA106K,3.4,1.55401,1.84599
918,MA120K,1.6,0.919142,0.6808580000000001
919,HA31N,4.0,0.293992,3.706008
920,EA128A,-0.16,0.354261,-0.514261
921,VA131A,-0.26,-0.60053,0.34053
922,SA44A,0.44,-0.037938,0.477938
923,NA68A,0.05,0.00555981,0.044440190000000004
924,EA108V,-1.2,0.247141,-1.447141
925,LA99A,4.6,3.61978,0.9802199999999996
926,LA99G,7.4,5.14651,2.25349
927,EA108V,-0.7,0.215487,-0.9154869999999999
928,LA99A,4.0,3.61663,0.3833700000000002
929,LA99G,6.3,5.15897,1.1410299999999998
939,HA31D,1.6,2.57416,-0.9741599999999999
940,HA31D,1.6,2.55606,-0.9560599999999999
941,HA31D,1.6,2.55987,-0.95987
942,HA31D,1.6,2.5748,-0.9748000000000001
943,HA31D,1.6,2.55153,-0.95153
944,HA31D,1.6,2.54294,-0.9429400000000001
945,HA31D,1.6,2.59529,-0.9952899999999998
946,HA31D,1.6,2.5554,-0.9554
947,HA31D,1.6,2.58849,-0.9884900000000001
959,IA78V,0.8,1.48332,-0.6833199999999999
960,LA118I,1.2,1.34072,-0.14071999999999996
961,VA87I,0.3,-0.29356,0.59356
962,IA100V,0.4,0.907118,-0.507118
963,MA102L,1.0,0.885499,0.11450099999999996
964,VA103I,0.5,-0.623216,1.123216
965,MA106I,-0.2,1.67695,-1.87695
966,VA111A,1.1,2.43818,-1.33818
967,MA120Y,0.1,0.346609,-0.246609
968,LA133F,0.3,-0.990578,1.290578
971,EA108V,-1.4,0.209664,-1.609664
972,GA28A,2.0,3.27271,-1.27271
974,SA38A,0.77,0.568388,0.201612
1007,MA6A,1.6,2.79972,-1.1997200000000001
1008,LA7A,2.3,3.57959,-1.2795900000000002
1009,IA17A,2.3,1.92419,0.37580999999999976
1010,LA33A,2.9,3.92433,-1.02433
1011,IA50A,1.6,2.61932,-1.01932
1012,LA66A,3.3,2.35624,0.9437599999999997
1013,IA78A,1.2,3.42316,-2.22316
1014,LA84A,3.7,4.25641,-0.5564099999999996
1015,VA87A,1.5,1.80521,-0.30521
1016,LA91A,2.6,3.4171,-0.8170999999999999
1017,LA99A,4.1,3.61343,0.4865699999999995
1018,MA102A,2.9,4.12639,-1.2263899999999999
1019,IA100A,2.5,2.93267,-0.4326699999999999
1020,VA103A,1.6,2.08362,-0.4836199999999997
1021,FA104A,2.7,2.9443,-0.24429999999999996
1022,MA106A,1.9,2.68103,-0.7810299999999999
1023,VA111A,1.0,2.44986,-1.4498600000000001
1024,LA118A,3.2,2.73197,0.46803000000000017
1025,LA121A,2.2,3.54109,-1.34109
1026,VA149A,3.2,2.08987,1.1101300000000003
1027,FA153A,3.4,4.47387,-1.0738699999999999
1028,IA17M,2.2,-0.36564,2.56564
1029,IA27M,3.1,2.0886,1.0114
1030,LA33M,2.0,0.336762,1.663238
1031,IA50M,0.4,0.117047,0.282953
1032,LA66M,1.0,-0.298681,1.298681
1033,VA87M,2.3,-0.365182,2.6651819999999997
1034,IA100M,1.6,0.678404,0.9215960000000001
1035,FA104M,0.4,0.102036,0.297964
1036,VA111M,0.7,-0.326741,1.026741
1037,AA129M,1.9,0.929051,0.970949
1038,VA149M,2.8,0.104002,2.695998
1039,IA27A,3.9,3.07144,0.82856
1040,AA42G,3.2,2.32402,0.8759800000000002
1041,IA50A,2.9,2.63325,0.26675000000000004
1042,LA7A,4.1,3.5862,0.5137999999999998
1043,VA87A,2.8,1.80529,0.9947099999999998
1044,LA121A,4.2,3.54046,0.6595400000000002
1045,AA130G,2.1,1.05309,1.04691
1046,IA150V,2.1,1.09569,1.00431
1047,LA7A,3.7,3.58088,0.11912000000000011
1048,IA27A,2.4,3.07429,-0.6742900000000001
1070,RA96Q,0.3,1.38175,-1.08175
1071,RA96A,2.0,1.68361,0.31638999999999995
1072,RA96V,2.4,1.66879,0.7312099999999999
1073,RA96S,2.6,2.07412,0.5258799999999999
1074,RA96E,2.5,2.18368,0.31632000000000016
1075,RA96G,2.6,3.10419,-0.5041899999999999
1076,RA96M,2.7,0.745067,1.954933
1077,RA96T,2.8,3.02341,-0.22341000000000033
1078,RA96C,2.9,1.44924,1.4507599999999998
1079,RA96I,2.9,1.62681,1.2731899999999998
1080,RA96N,3.0,1.92877,1.07123
1081,RA96H,3.1,8.38344,-5.283440000000001
1082,RA96L,3.2,1.71895,1.4810500000000002
1083,RA96D,3.5,4.11615,-0.6161500000000002
1084,RA96F,4.2,10.3035,-6.1034999999999995
1085,RA96W,4.5,8.77798,-4.2779799999999994
1086,RA96Y,4.7,10.1391,-5.439099999999999
1087,RA96P,5.5,6.65698,-1.15698
1088,KA85A,0.6,0.807444,-0.20744400000000007
1089,DA89A,0.5,-0.278265,0.778265
1111,RA96K,0.5,0.436423,0.063577
1112,RA96Q,0.7,1.30422,-0.60422
1113,RA96A,2.0,1.72654,0.27346000000000004
1114,RA96V,2.5,1.77361,0.7263900000000001
1115,RA96S,2.8,2.09125,0.7087499999999998
1116,RA96E,1.9,2.25193,-0.3519300000000003
1117,RA96G,3.2,3.01691,0.18308999999999997
1118,RA96M,2.5,0.730067,1.769933
1119,RA96T,3.1,2.86384,0.23615999999999993
1120,RA96C,2.9,1.44179,1.45821
1121,RA96I,2.8,2.04478,0.75522
1122,RA96N,3.3,1.99511,1.3048899999999999
1123,RA96H,3.8,8.33262,-4.5326200000000005
1124,RA96L,3.2,1.68341,1.51659
1125,RA96D,2.3,3.88198,-1.5819800000000002
1126,RA96F,4.2,10.7849,-6.5849
1127,RA96W,4.2,8.79551,-4.59551
1128,RA96Y,4.5,10.8321,-6.3321000000000005
1129,RA96P,6.0,6.52619,-0.5261899999999997
1130,KA85A,-0.1,0.802676,-0.9026759999999999
1131,DA89A,0.7,-0.295651,0.995651
1132,HA31N,-1.8,0.441518,-2.241518
1133,HA31N,-1.8,0.329743,-2.129743
1134,HA31N,-1.8,0.378921,-2.178921
1135,HA31N,-1.8,0.462352,-2.262352
1136,HA31N,-1.8,0.322414,-2.122414
1137,HA31N,-1.8,0.345499,-2.145499
1138,HA31N,-1.8,0.416006,-2.216006
1139,HA31N,-1.8,0.292428,-2.092428
1140,HA31N,-1.8,0.440728,-2.240728
1141,YA24A,5.5,1.1851,4.3149
1142,RA14A,3.0,1.00826,1.99174
1143,LA32A,3.0,1.19309,1.80691
1144,VA149I,0.0,-0.581469,0.581469
1145,NA53A,0.8,0.516115,0.28388500000000005
1146,TA34A,0.2,1.06226,-0.86226
1147,LA99G,5.6,5.15177,0.4482299999999997
1148,LA99A,3.1,3.62021,-0.5202100000000001
1149,LA121A,1.0,3.54594,-2.54594
1150,SA117A,-1.2,-0.699473,-0.5005269999999999
1151,SA117I,-1.4,-2.51399,1.1139900000000003
1152,SA44E,0.0,-0.00493911,0.00493911
1153,LA121I,1.3,0.273488,1.026512
1154,DA127A,-0.2,-0.534307,0.33430699999999997
1155,KA60P,0.0,-0.70772,0.70772
1156,LA99F,0.0,-0.167047,0.167047
1157,KA16E,0.1,0.137168,-0.03716800000000001
1158,TA109N,0.0,0.144779,-0.144779
1159,TA115E,0.0,0.0431948,-0.0431948
1160,SA38N,0.0,-1.20968,1.20968
1161,AA98V,4.4,3.76961,0.6303900000000002
1162,KA124G,0.0,0.263281,-0.263281
1163,IA3C,0.4,1.39416,-0.99416
1164,MA102V,3.0,2.90371,0.09629000000000021
1165,WA138Y,1.7,3.0657,-1.3657000000000001
1166,IA3C,-0.1,1.19269,-1.2926900000000001
1167,IA3P,2.8,1.35174,1.4482599999999999
1168,IA3S,1.8,4.01804,-2.2180400000000002
1169,PA37A,0.0,0.54398,-0.54398
1170,CA54T,-0.8,-0.377467,-0.42253300000000005
1171,TA59D,1.1,-2.27949,3.37949
1172,LA99V,2.1,2.56094,-0.4609399999999999
1173,MA102K,6.0,3.52956,2.47044
1174,VA111F,1.6,2.64104,-1.0410399999999997
1175,GA113A,-0.4,-0.218182,-0.18181800000000004
1176,SA117F,-1.2,3.76273,-4.96273
1177,RA119E,0.1,-0.393414,0.493414
1178,KA135E,0.7,0.903951,-0.203951
1179,KA147E,-0.4,-0.286526,-0.11347400000000002
1180,VA149C,2.1,1.8874,0.21260000000000012
1181,FA153I,0.3,2.37781,-2.0778100000000004
1182,TA157L,1.6,1.42179,0.17820999999999998
1183,IA3C,-1.0,2.75501,-3.75501
1184,IA3C,-1.2,1.3687,-2.5686999999999998
1185,IA3C,1.2,2.25796,-1.0579600000000002
1186,RA96H,3.3,8.01689,-4.71689
1187,PA37A,0.0,0.549142,-0.549142
1188,IA3A,0.8,2.82402,-2.02402
1189,IA3D,2.9,2.75848,0.14151999999999987
1190,IA3G,2.0,4.3375,-2.3375000000000004
1191,IA3M,0.8,1.01496,-0.21496000000000004
1192,IA3T,2.1,2.61601,-0.5160100000000001
1193,IA3V,0.5,1.1988,-0.6988000000000001
1194,IA3Y,2.4,2.93752,-0.5375200000000002
1195,MA6I,3.1,3.64281,-0.5428099999999998
1196,SA38D,0.0,-3.54281,3.54281
1197,CA54T,-0.9,-0.94842,0.04842000000000002
1198,KA60H,0.3,0.50706,-0.20705999999999997
1199,GA77A,0.2,-1.1376,1.3376
1200,RA96H,2.9,8.16047,-5.26047
1201,QA105A,0.7,0.30792,0.39207999999999993
1202,QA105E,0.9,0.360766,0.539234
1203,QA105G,2.3,1.38605,0.9139499999999998
1204,NA116D,0.5,-0.850608,1.350608
1205,RA119M,0.0,-1.04511,1.04511
1206,KA135E,0.8,0.909783,-0.10978299999999996
1207,WA138Y,2.6,2.83541,-0.2354099999999999
1208,AA146T,2.2,3.54533,-1.3453299999999997
1209,KA147E,-0.5,-0.00265426,-0.49734574
1210,RA154E,-0.7,0.205543,-0.905543
1211,GA156D,3.0,8.56632,-5.566319999999999
1212,TA157D,2.1,0.968305,1.1316950000000001
1213,TA157E,1.2,0.953254,0.2467459999999999
1214,TA157F,3.7,0.735329,2.964671
1215,TA157I,1.8,1.37209,0.42791
1216,TA157R,-0.5,-0.310519,-0.189481
1217,TA157V,1.5,0.874763,0.625237
1218,AA160T,3.1,2.14302,0.9569800000000002
1219,LA7A,3.9,3.57958,0.3204199999999999
1220,RA96K,0.0,0.387827,-0.387827
1221,MA6A,1.2,2.84899,-1.6489900000000002
1222,MA6L,5.0,2.23289,2.76711
1223,EA11H,-0.7,-1.21335,0.51335
1224,EA11N,1.4,-1.38695,2.78695
1225,RA14K,0.0,-0.0156373,0.0156373
1226,IA17A,4.2,1.90074,2.2992600000000003
1227,IA17M,3.3,-0.308817,3.6088169999999997
1228,DA20A,0.5,-0.790766,1.290766
1229,DA20N,-1.1,1.28287,-2.38287
1230,DA20S,-0.2,-0.758867,0.558867
1231,DA20T,-0.6,0.119881,-0.719881
1232,EA22K,-0.6,-0.220382,-0.379618
1233,TA26S,-0.6,0.781609,-1.381609
1234,IA27A,3.1,3.08784,0.01216000000000017
1235,IA27M,7.1,2.21366,4.88634
1236,GA28A,2.2,3.27246,-1.07246
1237,IA29A,2.6,2.18182,0.41818
1238,LA33A,5.2,3.96953,1.2304700000000004
1239,LA33M,2.6,0.307122,2.292878
1240,SA38N,0.0,-1.42249,1.42249
1241,LA39A,0.9,1.15079,-0.25078999999999996
1242,NA40A,0.2,-0.449891,0.649891
1243,NA40D,-0.4,-0.98328,0.58328
1244,AA41D,-0.3,-0.728961,0.428961
1245,AA41S,0.8,0.785101,0.014898999999999996
1246,AA42F,5.2,14.6873,-9.487300000000001
1247,AA42I,4.4,6.21842,-1.8184199999999997
1248,AA42L,5.1,5.59992,-0.49992000000000036
1249,AA42K,3.7,11.6236,-7.9235999999999995
1250,AA42V,3.5,3.42627,0.07372999999999985
1251,AA42S,2.6,0.66052,1.93948
1252,KA43A,2.2,0.422004,1.7779960000000001
1253,SA44A,0.4,-0.0367208,0.4367208
1254,SA44C,0.1,0.430845,-0.33084499999999994
1255,SA44D,0.1,0.620926,-0.520926
1256,SA44E,0.0,-0.00634057,0.00634057
1257,SA44F,-0.1,-0.191431,0.09143099999999998
1258,SA44G,0.5,0.632738,-0.13273800000000002
1259,SA44H,0.0,0.261748,-0.261748
1260,SA44I,-0.3,-0.119584,-0.180416
1261,SA44K,-0.2,-0.1874,-0.0126
1262,SA44L,-0.4,-0.161905,-0.23809500000000003
1263,SA44M,-0.3,-0.194818,-0.105182
1264,SA44N,0.1,-0.0245864,0.12458640000000001
1265,SA44P,3.0,4.14513,-1.14513
1266,SA44Q,-0.3,-0.412526,0.11252600000000001
1267,SA44R,-0.2,-0.463309,0.263309
1268,SA44T,0.0,0.382391,-0.382391
1269,SA44V,-0.1,0.438224,-0.538224
1270,SA44W,-0.1,-0.0395484,-0.06045160000000001
1271,SA44Y,-0.2,-0.0631828,-0.13681720000000003
1272,EA45A,-0.3,-0.364299,0.064299
1273,LA46A,4.2,3.30316,0.8968400000000001
1274,DA47A,1.6,-0.591892,2.191892
1275,KA48A,1.9,0.0084021,1.8915978999999998
1276,AA49S,0.4,0.433802,-0.033802
1277,IA50A,1.8,2.63637,-0.8363699999999998
1278,IA50M,1.2,0.2945,0.9055
1279,IA58A,3.2,3.95181,-0.7518099999999999
1280,IA58T,3.4,3.10348,0.2965200000000001
1281,TA59A,1.5,0.734001,0.765999
1282,TA59D,1.2,-2.31632,3.5163200000000003
1283,TA59G,1.6,-0.147309,1.747309
1284,TA59N,1.1,-0.576278,1.676278
1285,TA59S,0.2,-0.643419,0.8434189999999999
1286,TA59V,1.5,1.32386,0.17613999999999996
1287,KA60H,0.1,0.513407,-0.41340699999999997
1288,LA66A,5.1,2.37557,2.7244299999999995
1289,FA67A,1.9,4.38782,-2.4878199999999997
1290,QA69P,2.9,2.04454,0.8554599999999999
1291,VA71A,1.5,2.36175,-0.8617499999999998
1292,DA72P,2.7,1.98211,0.7178900000000001
1293,AA73S,0.3,0.0210219,0.2789781
1294,AA74P,4.6,4.67961,-0.07961000000000062
1295,VA75T,0.5,0.103624,0.396376
1296,IA78A,0.6,3.4651,-2.8651
1297,IA78M,1.6,-0.127164,1.7271640000000001
1298,IA78V,0.7,1.46414,-0.76414
1299,RA80K,0.2,0.253878,-0.05387799999999998
1300,AA82S,0.2,0.330092,-0.13009199999999999
1301,KA83H,0.4,1.12674,-0.72674
1302,LA84A,3.5,4.27162,-0.7716200000000004
1303,LA84M,2.4,0.106606,2.2933939999999997
1304,VA87A,0.6,1.81284,-1.21284
1305,VA87I,0.6,-0.286345,0.8863449999999999
1306,VA87M,2.2,-0.363581,2.563581
1307,VA87T,1.2,1.20721,-0.007209999999999939
1308,SA90H,1.1,-0.00753538,1.10753538
1309,LA91A,2.2,3.40901,-1.2090099999999997
1310,LA91M,0.7,0.0378701,0.6621298999999999
1311,DA92N,1.4,5.49379,-4.09379
1312,AA93S,0.1,0.350028,-0.25002800000000003
1313,AA93T,-0.1,0.274772,-0.374772
1314,VA94A,1.8,0.531364,1.268636
1315,AA98S,2.1,1.00359,1.09641
1316,AA98C,1.1,2.74113,-1.64113
1317,AA98M,4.0,7.76525,-3.76525
1318,AA98V,4.4,3.99819,0.4018100000000002
1319,LA99A,3.3,3.60219,-0.30218999999999996
1320,LA99F,0.3,-0.121994,0.421994
1321,LA99I,1.5,1.4619,0.03810000000000002
1322,LA99M,-0.4,-0.163866,-0.236134
1323,LA99V,2.0,2.54736,-0.5473599999999998
1324,IA100A,1.7,2.92597,-1.22597
1325,IA100M,0.8,0.669286,0.130714
1326,IA100V,0.4,0.910274,-0.510274
1327,NA101A,1.5,0.574224,0.925776
1328,MA102A,2.8,4.07352,-1.2735200000000004
1329,MA102L,1.7,0.837446,0.8625539999999999
1330,VA103A,1.1,2.08836,-0.9883600000000001
1331,VA103I,0.3,-0.625083,0.9250830000000001
1332,VA103M,1.6,0.971253,0.6287470000000001
1333,FA104A,2.6,2.9495,-0.3494999999999999
1334,FA104M,1.1,0.110803,0.9891970000000001
1335,QA105M,1.2,-0.774919,1.9749189999999999
1336,MA106A,2.0,2.71151,-0.7115100000000001
1337,MA106I,0.0,1.71867,-1.71867
1338,MA106K,3.5,1.55515,1.94485
1339,MA106L,0.0,0.779807,-0.779807
1340,EA108V,-0.3,0.227067,-0.527067
1341,TA109D,0.6,-1.25361,1.8536099999999998
1342,TA109N,-0.1,0.149589,-0.249589
1343,VA111A,0.9,2.5179,-1.6179000000000001
1344,VA111F,1.7,3.09424,-1.3942400000000001
1345,VA111I,0.8,0.771783,0.028217000000000048
1346,VA111M,0.4,-0.835078,1.2350780000000001
1347,GA113E,-0.3,-0.0495587,-0.2504413
1348,TA115A,0.1,0.720656,-0.620656
1349,NA116A,-0.2,-0.550993,0.35099299999999994
1350,SA117A,-1.3,-0.694369,-0.605631
1351,SA117F,-1.1,4.208,-5.308
1352,LA118A,2.7,2.73979,-0.03978999999999999
1353,LA118I,1.2,1.34312,-0.14312000000000014
1354,LA118M,0.1,-0.668693,0.768693
1355,RA119A,0.2,-0.440204,0.640204
1356,RA119H,0.3,0.107473,0.192527
1357,MA120A,0.2,1.40801,-1.20801
1358,MA120K,2.0,0.972499,1.027501
1359,MA120L,-0.4,-0.440377,0.040376999999999996
1360,MA120Y,0.7,0.39472,0.30527999999999994
1361,LA121A,2.7,3.53924,-0.8392399999999998
1362,LA121M,0.2,-0.295897,0.49589700000000003
1363,QA122A,0.2,0.247018,-0.047017999999999976
1364,QA123A,0.2,-0.0835357,0.2835357
1365,AA129L,1.9,1.11336,0.78664
1366,AA129M,2.5,0.776432,1.723568
1367,AA129F,1.9,8.87299,-6.972989999999999
1368,AA129W,3.2,19.0843,-15.8843
1369,AA130S,0.8,0.624076,0.17592400000000008
1370,LA133D,7.5,5.06453,2.4354699999999996
1371,LA133F,0.3,-0.996475,1.296475
1372,LA133M,0.3,-0.395938,0.695938
1373,AA134S,0.2,0.0799117,0.12008830000000001
1374,NA144H,0.3,0.067907,0.232093
1375,NA144E,-0.5,-1.85277,1.35277
1376,VA149A,0.7,2.08827,-1.3882700000000001
1377,VA149C,2.0,1.88707,0.11292999999999997
1378,VA149G,4.9,3.84194,1.0580600000000002
1379,VA149I,0.5,-0.589377,1.089377
1380,VA149M,2.4,0.0491844,2.3508156
1381,VA149S,4.4,3.7683,0.6317000000000004
1382,VA149T,3.0,2.01791,0.9820899999999999
1383,TA151S,-0.4,-0.0800485,-0.31995150000000006
1384,TA152A,1.5,0.110469,1.389531
1385,TA152C,0.5,0.23791,0.26209
1386,TA152I,0.4,-1.58045,1.9804499999999998
1387,TA152S,2.0,1.21133,0.78867
1388,TA152V,-0.2,-1.51156,1.31156
1389,FA153A,2.8,4.47387,-1.67387
1390,FA153I,0.2,2.51514,-2.31514
1391,FA153L,-0.3,1.37797,-1.67797
1392,FA153M,0.3,1.17385,-0.87385
1393,FA153V,1.8,3.6438,-1.8438
1394,IA3C,-0.4,2.53979,-2.93979
1395,PA37A,0.3,0.542453,-0.24245299999999997
1396,LA39P,2.8,-0.690664,3.4906639999999998
1397,AA41V,-0.2,0.0523453,-0.2523453
1398,KA60P,0.0,-0.690554,0.690554
1399,PA86A,0.4,2.22721,-1.82721
1400,AA98V,8.1,3.80556,4.29444
1401,MA102V,3.9,2.2861,1.6139000000000001
1402,EA128K,1.3,-0.354909,1.654909
1403,LA133A,3.6,3.48509,0.11491000000000007
1404,PA143A,1.0,1.6469,-0.6469
1405,NA144D,0.3,-1.9805,2.2805
1406,AA146T,4.1,3.15477,0.9452299999999996
1407,VA149C,2.4,1.89354,0.5064599999999999
1408,TA152S,2.9,1.20914,1.6908599999999998
1409,YA25G,3.9,3.31826,0.5817399999999999
1410,IA27A,2.7,3.07807,-0.3780699999999997
1411,SA38D,-1.0,-3.62334,2.62334
1412,AA42G,2.7,2.32392,0.37607999999999997
1413,IA50A,2.5,2.609,-0.10899999999999999
1414,GA51D,2.2,4.7549,-2.5549
1415,CA54Y,4.3,10.0965,-5.796500000000001
1416,IA58Y,2.6,15.786,-13.186
1417,GA77A,1.0,-1.17334,2.17334
1418,PA86G,1.6,2.70592,-1.1059199999999998
1419,VA87A,2.4,1.80865,0.5913499999999998
1420,AA98T,3.3,3.72172,-0.4217200000000001
1421,AA98V,4.3,3.428,0.8719999999999999
1422,VA103A,1.6,2.07683,-0.4768300000000001
1423,QA105G,2.6,1.41361,1.18639
1424,LA121A,3.6,3.54446,0.055540000000000145
1425,WA126R,4.9,1.69667,3.2033300000000002
1426,AA130G,1.8,0.884386,0.915614
1427,WA138Y,2.4,2.47458,-0.07458000000000009
1428,AA146T,2.4,3.52301,-1.1230100000000003
1429,AA146I,3.7,4.11299,-0.41298999999999975
1430,AA146V,3.7,1.89174,1.8082600000000002
1431,VA149A,2.4,2.07359,0.3264100000000001
1432,IA150V,1.8,1.24112,0.55888
1433,FA153C,2.6,4.57277,-1.9727700000000001
1434,GA156D,3.5,8.59545,-5.09545
1435,TA157D,2.0,0.809558,1.190442
1436,TA157F,3.5,0.755113,2.744887
1437,AA160T,3.9,2.1709,1.7290999999999999
1438,MA6I,4.1,3.83895,0.26104999999999956
1439,LA7A,3.3,3.46457,-0.16457000000000033
1440,LA99M,0.5,-0.16503,0.66503
1441,VA111A,1.2,2.43511,-1.23511
1442,LA46A,2.2,3.30509,-1.1050899999999997
1443,TA152S,2.2,1.21112,0.9888800000000002
1444,LA7A,3.6,3.55652,0.043480000000000185
1445,LA99G,6.7,5.14515,1.55485
1446,VA149T,2.9,2.01383,0.8861699999999999
1447,VA149A,3.0,2.09021,0.9097900000000001
1448,FA153A,3.6,4.47387,-0.8738699999999997
1449,LA121A,3.1,3.54042,-0.44042000000000003
1450,MA102L,0.9,0.847081,0.05291900000000005
1451,LA91P,9.7,7.04872,2.651279999999999
1452,VA103A,2.0,2.09997,-0.09996999999999989
1453,AA74P,4.8,4.67311,0.1268899999999995
1454,GA156D,2.9,8.34258,-5.4425799999999995
1455,IA50A,2.6,2.63241,-0.03241000000000005
1456,DA47A,0.7,-0.611797,1.3117969999999999
1457,EA108V,-1.0,0.232741,-1.232741
1458,SA38D,0.0,-3.52842,3.52842
1459,SA38N,0.0,-1.28453,1.28453
1460,EA45A,-0.2,-0.33296,0.13295999999999997
1461,QA105G,2.2,1.49515,0.7048500000000002
1462,DA92N,1.1,5.56947,-4.469469999999999
1463,SA44A,0.2,-0.0314055,0.23140550000000001
1464,TA59S,0.3,-0.642781,0.9427810000000001
1465,TA59N,1.0,-0.592362,1.592362
1466,TA59G,1.7,-0.125187,1.825187
1467,TA59A,1.8,0.730206,1.069794
1468,TA59V,1.8,1.31107,0.4889300000000001
1469,AA93P,-0.3,-1.50502,1.20502
1470,QA69P,3.0,1.96834,1.03166
1471,AA82P,0.4,-1.37202,1.77202
1472,NA144H,0.1,0.00405024,0.09594976000000001
1473,TA109D,0.4,-1.25928,1.6592799999999999
1474,KA48A,0.5,0.037922,0.462078
1475,LA66P,7.1,4.53383,2.5661699999999996
1476,IA3D,2.5,2.74819,-0.24819000000000013
1477,IA3E,1.6,1.4477,0.1523000000000001
1478,IA3M,0.6,1.04632,-0.44631999999999994
1479,IA3Y,2.5,3.00819,-0.5081899999999999
1480,KA16E,0.0,0.130517,-0.130517
1481,SA38D,0.3,-3.53273,3.8327299999999997
1482,SA44E,0.0,0.00143979,-0.00143979
1483,TA59N,0.8,-0.593208,1.393208
1484,KA60H,0.5,0.518902,-0.018901999999999974
1485,QA69P,3.1,1.97295,1.12705
1486,GA77A,0.0,-1.0743,1.0743
1487,AA93P,-0.4,-1.50638,1.1063800000000001
1488,RA96H,3.0,8.11296,-5.112959999999999
1489,EA108V,-1.1,0.216381,-1.316381
1490,TA109D,0.1,-1.25824,1.3582400000000001
1491,LA133D,5.4,5.0774,0.32260000000000044
1492,NA144E,-0.4,-1.81699,1.4169900000000002
1493,NA144H,-0.1,0.0728851,-0.1728851
1494,AA146T,1.9,3.55404,-1.6540400000000002
1495,FA153M,0.7,1.17377,-0.47377
1496,RA154E,-0.5,0.238274,-0.738274
1497,GA156D,1.9,8.24873,-6.34873
1498,TA157N,0.9,0.150192,0.749808
1499,TA157R,-0.7,-0.231659,-0.46834099999999995
